state_clean,year,month,demo_age_5_17,demo_age_17_,total_demo_updates,youth_update_share,adult_update_share,update_saturation_index,future_update_pressure,mom_update_growth,rolling_update_momentum,update_volatility,demographic_lifecycle_index,governance_load_index,age_shift_momentum,update_zscore,is_anomaly,norm_saturation,norm_lifecycle,norm_volatility,governance_risk_score,policy_action
Andaman And Nicobar Islands,2025,3,100,831,931,0.10741138560687433,0.8925886143931256,0.7161538461538461,264.26076923076926,,931.0,,0.7851772287862513,,731,0.49617273332371487,False,0.7150474932308499,0.691934033679772,,,Stable
Andaman And Nicobar Islands,2025,7,20,199,219,0.091324200913242,0.908675799086758,0.16846153846153847,478.1346153846154,-0.7647690655209453,575.0,503.4600282048218,0.817351598173516,0.3065519845266929,179,-1.3438011527517277,False,0.165220434099048,0.7539776809282498,0.0004578385527809232,1.5892150853819826,Capacity Expansion
Andaman And Nicobar Islands,2025,9,56,562,618,0.09061488673139159,0.9093851132686084,0.4753846153846154,309.17333333333335,1.8219178082191783,589.3333333333334,356.8645868299814,0.8187702265372169,0.41012466171966916,506,-0.31269219131338283,False,0.4733398113372348,0.7567133018417395,0.00032087198003323834,1.283694362484538,Routine Monitoring
Andaman And Nicobar Islands,2025,10,58,395,453,0.1280353200883002,0.8719646799116998,0.3484615384615385,280.16153846153844,-0.2669902912621359,430.0,299.24613614882315,0.7439293598233996,0.3195275028008745,337,-0.7390906340134503,False,0.3459220237575335,0.6123934465472213,0.0002670380978687129,1.2667384608875565,Routine Monitoring
Andaman And Nicobar Islands,2025,11,104,809,913,0.11391018619934283,0.8860898138006572,0.7023076923076923,196.87384615384616,1.0154525386313464,661.3333333333334,304.5623088958974,0.7721796276013143,0.45609646795070935,705,0.4496565395746166,False,0.7011473709494279,0.6668700278157186,0.00027200508698155696,0.9659946619532722,Routine Monitoring
Andaman And Nicobar Islands,2025,12,119,1181,1300,0.09153846153846154,0.9084615384615384,1.0,0.0,0.4238773274917853,888.6666666666666,386.9620136395819,0.816923076923077,0.5845001105977796,1062,1.4497547051802293,False,1.0,0.7531513392840453,0.0003489925092937258,0.7535003317933391,Stable
Andhra Pradesh,2025,3,34912,335783,370695,0.09417985136028272,0.9058201486397173,1.0,0.0,,370695.0,,0.8116402972794345,,300871,1.506495958466973,False,1.0,0.742964257984751,,,Stable
Andhra Pradesh,2025,4,4080,25176,29256,0.13945857260049221,0.8605414273995078,0.07892202484522316,184193.0286205641,-0.9210779751547769,199975.5,241433.8322615536,0.7210828547990156,0.2897440935372569,21096,-1.226136553099282,False,0.07533192050062697,0.5683372451176908,0.22556311499345283,1.7185684396105168,Capacity Expansion
Andhra Pradesh,2025,5,14808,79470,94278,0.15706739642334372,0.8429326035766562,0.2543276817869138,122844.29471937846,2.222518457752256,164743.0,181298.46896485364,0.6858652071533126,0.3070746573471379,64662,-0.7057471682690165,False,0.25142125963648504,0.500425073129137,0.1693776392757917,1.4183814527684435,Routine Monitoring
Andhra Pradesh,2025,6,14158,67023,81181,0.17440041388994962,0.8255995861100504,0.21899674934919544,53294.36015232648,-0.13891894185281828,68238.33333333333,153812.90104214277,0.6511991722201007,0.2644088791805594,52865,-0.8105661491235271,False,0.21595261710530586,0.433576606978595,0.14369741345777717,1.3613214033310663,Routine Monitoring
Andhra Pradesh,2025,7,8413,48846,57259,0.14692886707766464,0.8530711329223354,0.15446391238079824,65590.4890795218,-0.29467486234463725,77572.66666666667,138720.91855124087,0.7061422658446707,0.27343047919024616,40433,-1.0020206547356216,False,0.15116824918663224,0.5395264665874114,0.1295967217966948,1.517954939197474,Capacity Expansion
Andhra Pradesh,2025,9,20202,194264,214466,0.09419674913506104,0.905803250864939,0.5785510999608843,49577.281839068055,2.745542185507955,117635.33333333333,129164.52000362432,0.8116065017298779,0.48015850564688395,174062,0.25615125663301597,False,0.576908410017287,0.7428990881245426,0.12066801879882219,1.2866586969060778,Routine Monitoring
Andhra Pradesh,2025,10,33418,148958,182376,0.18323682940737818,0.8167631705926218,0.49198397604499655,76896.861497997,-0.14962744677478013,151367.0,72842.45952922422,0.6335263411852436,0.3191821132084341,115540,-0.0006740541726070939,False,0.49000387166304255,0.39949709227511077,0.06804537568714905,0.9775385962992172,Routine Monitoring
Andhra Pradesh,2025,11,53248,236037,289285,0.18406761498176538,0.8159323850182346,0.7803854921161602,50227.81448360513,0.5862010352239331,228709.0,90539.5845791589,0.6318647700364692,0.4201341943049473,182789,0.8549487925995448,False,0.7795294961851342,0.39629299111645333,0.08458009561325422,0.7013435905445733,Stable
Andhra Pradesh,2025,12,44619,278727,323346,0.1379915013638641,0.8620084986361359,0.8722696556468256,33848.83929106138,0.1177420191160965,265002.3333333333,107467.84578359553,0.7240169972722718,0.5153878562858514,234108,1.127548571700521,False,0.8717717984875314,0.5739953171810873,0.10039645318893539,0.8026199718824913,Routine Monitoring
Arunachal Pradesh,2025,3,677,5488,6165,0.10981346309813463,0.8901865369018653,0.6882884894495925,1921.701462543262,,6165.0,,0.7803730738037308,,4811,0.24210149969954153,False,0.687073525159409,0.6826699112512994,,,Stable
Arunachal Pradesh,2025,9,1560,7397,8957,0.1741654571843251,0.8258345428156749,1.0,0.0,0.4528791565287915,7561.0,1974.2421330728407,0.6516690856313497,0.47877159410961245,5837,1.6306540616574703,False,1.0,0.43448276745602155,0.0018320148728160175,0.4363147823288376,Stable
Arunachal Pradesh,2025,10,778,3143,3921,0.19841877072175465,0.8015812292782454,0.437758177961371,3568.9236723605372,-0.5622418220386289,6347.666666666667,2522.964393988416,0.6031624585564906,0.25961870679311494,2365,-0.8739128086935788,False,0.4355667165840915,0.3409447085364504,0.0023446952588028775,0.9077226872111618,Routine Monitoring
Arunachal Pradesh,2025,11,837,4037,4874,0.17172753385309808,0.828272466146902,0.5441554091771799,2697.3843920955674,0.24305024228513128,5917.333333333333,2187.8047406780465,0.6565449322938038,0.3294317804750793,3200,-0.39995486043215117,False,0.5423786544505254,0.44388513698568544,0.0020315499890271,0.9035380325241872,Routine Monitoring
Arunachal Pradesh,2025,12,706,3768,4474,0.15780062583817614,0.8421993741618239,0.49949759964273754,2213.7221167801717,-0.08206811653672552,4423.0,2010.726908359263,0.6843987483236478,0.3323367008363453,3062,-0.5988878922312814,False,0.49754678126419427,0.4975972180362521,0.0018661032085895224,1.0019165399806473,Routine Monitoring
Assam,2025,3,12455,137228,149683,0.08320918207144432,0.9167908179285557,0.8139457742879205,27849.1546672612,,149683.0,,0.8335816358571113,,124773,0.8701382679435931,False,0.8132205869508254,0.7852749760127361,,,Stable
Assam,2025,4,257,2763,3020,0.08509933774834437,0.9149006622516557,0.016422147059783142,75097.64443876497,-0.9798240281127449,76351.5,103706.40184916262,0.8298013245033112,0.29581856591848815,2506,-1.069822544695037,False,0.012588435671237665,0.7779851888749832,0.09688207320924344,1.862278826412989,Capacity Expansion
Assam,2025,5,88,626,714,0.12324929971988796,0.876750700280112,0.00388258708631959,50940.4483789927,-0.7635761589403973,51139.0,85349.39578579336,0.7535014005602241,0.2368608556085587,538,-1.1003247820278657,False,0.0,0.6308517514101807,0.07973081541549545,1.7105825668256762,Capacity Expansion
Assam,2025,6,103,1243,1346,0.07652303120356613,0.9234769687964339,0.007319274815386791,1680.9393613126117,0.8851540616246498,1693.3333333333333,74001.22940138675,0.8469539375928677,0.294546551591074,1140,-1.0919651055342197,False,0.0034500829766791865,0.8110615380369129,0.06912803375962999,1.8767394888198639,Capacity Expansion
Assam,2025,7,3030,24768,27798,0.10900064752859918,0.8909993524714008,0.15115988210856018,8448.222746667536,19.652303120356613,9952.666666666666,64271.820148491206,0.7819987049428017,0.29789791065371457,21738,-0.7420756077337038,False,0.14785134072844794,0.6858047072665582,0.06003768396613753,1.5979910505042478,Capacity Expansion
Assam,2025,9,15162,146623,161785,0.09371697005284792,0.906283029947152,0.8797539940619257,7652.816555916865,4.820023023239082,63643.0,76943.09084511748,0.8125660598943042,0.5653038103358301,131461,1.0302154909279362,False,0.8792853087605906,0.744749458136507,0.07187666411039277,0.937340813486309,Routine Monitoring
Assam,2025,10,7244,97146,104390,0.06939362007855158,0.9306063799214485,0.567651632970451,42366.24883359254,-0.3547609481719566,97991.0,67750.09900041968,0.8612127598428968,0.48927052849592007,89902,0.27103252834436586,False,0.5659664599528343,0.8385576274617369,0.06328749807318901,1.3358786655820916,Routine Monitoring
Assam,2025,11,10130,112333,122463,0.08271886202363163,0.9172811379763683,0.6659289388682856,43277.56968536907,0.17312961011591144,129546.0,68780.92469185528,0.8345622759527368,0.5053478128533849,102203,0.5100901759229505,False,0.6646268233033453,0.7871659994991135,0.06425061575769586,1.186789791953464,Routine Monitoring
Assam,2025,12,14502,169396,183898,0.07885893266919705,0.9211410673308029,1.0,0.0,0.501661726398994,136917.0,72560.85613883013,0.8422821346616058,0.6232783021490546,154894,1.32271157685198,False,1.0,0.8020526375175961,0.06778226892956726,0.8698349064471634,Routine Monitoring
Bihar,2025,3,70349,729146,799495,0.08799179482048043,0.9120082051795195,0.8294514692639363,136352.69758082923,,799495.0,,0.8240164103590392,,658797,0.8922284413440705,False,0.8287867187893013,0.7668298133582215,,,Stable
Bihar,2025,4,1102,6548,7650,0.14405228758169936,0.8559477124183007,0.007936639678633528,400369.49048329465,-0.990431459859036,403572.5,559918.9691486617,0.7118954248366013,0.35927318873294656,5446,-1.1197862353638617,False,0.004069854155501293,0.5506206068567477,0.5231291051865907,2.069679857887837,Capacity Expansion
Bihar,2025,5,384,4712,5096,0.07535321821036106,0.9246467817896389,0.005286943242132871,269315.57597802224,-0.33385620915032677,270747.0,457910.9808216003,0.8492935635792779,0.41493477866951034,4328,-1.1262757446545841,False,0.0014098299433452192,0.8155731704996042,0.4278213355655815,2.2419846761218403,Immediate Intervention
Bihar,2025,7,628,7889,8517,0.07373488317482682,0.9262651168251732,0.008836125508878662,7025.039154434904,0.6713108320251178,7087.666666666667,396206.3277254247,0.8525302336503464,0.3989857052090528,7261,-1.1175832578560088,False,0.004972845929948949,0.8218146235559792,0.3701696461412302,2.1870114237672604,Capacity Expansion
Bihar,2025,9,54673,909211,963884,0.05672155570587332,0.9432784442941267,1.0,0.0,112.1717740988611,325832.3333333333,482553.68557633046,0.8865568885882533,0.7794251880184038,854538,1.3099277141680958,False,1.0,0.8874301372775565,0.45084542677765477,1.3382755640552113,Routine Monitoring
Bihar,2025,10,33676,405332,439008,0.07670930825861944,0.9232906917413806,0.45545729569118276,256190.8245819345,-0.5445427043088172,470469.6666666667,432907.9475207942,0.8465813834827611,0.5560461749567632,371656,-0.023740131750932064,False,0.4533348205248119,0.8103431209792168,0.40446058336626106,1.7614688838206658,Capacity Expansion
Bihar,2025,11,52105,596950,649055,0.08027825068753804,0.919721749312462,0.6733745969432007,223406.0053087301,0.478458251330272,683982.3333333334,406660.3487432725,0.839443498624924,0.6162057503960449,544845,0.5099724594739554,False,0.6721015024710714,0.7965787358909052,0.3799370128261578,1.5044142462459917,Capacity Expansion
Bihar,2025,12,68731,645373,714104,0.09624788546206155,0.9037521145379385,0.7408609334733225,155670.62470172762,0.10022109066257867,600722.3333333334,391244.294113878,0.8075042290758769,0.6134576206347846,576642,0.6752567546392647,False,0.739850881866741,0.7349884448917755,0.3655335351458373,1.3606710981708718,Routine Monitoring
Chandigarh,2025,3,940,6633,7573,0.12412518156609005,0.8758748184339099,0.720963442498096,2113.1438499619194,,7573.0,,0.7517496368678199,,5693,0.5498085173826827,False,0.7198758360365254,0.6274737268936462,,,Stable
Chandigarh,2025,4,2731,7773,10504,0.259996191926885,0.740003808073115,1.0,0.0,0.3870328799683085,9038.5,2072.5299756577706,0.48000761614623,0.36846071388858065,5042,1.897457549164674,False,1.0,0.10345829481769286,0.001923846848049132,0.105382141665742,Stable
Chandigarh,2025,5,1297,5565,6862,0.1890119498688429,0.810988050131157,0.6532749428789033,2882.3253998476766,-0.3467250571210967,8313.0,1930.4768840884885,0.6219761002623142,0.34364624750212364,4268,0.22289672564027532,False,0.6519235055766037,0.3772241126610699,0.0017911242686975146,0.7270917313531637,Stable
Chandigarh,2025,6,554,4500,5054,0.10961614562722596,0.890383854372774,0.48115003808073115,3877.538715410002,-0.2634800349752259,7473.333333333333,2267.1048167210974,0.7807677087455481,0.388221418478153,3946,-0.608406395977548,False,0.4791277060385749,0.6834309080194826,0.002105641376401657,1.2064088433573095,Routine Monitoring
Chandigarh,2025,7,1358,6138,7496,0.1811632870864461,0.8188367129135539,0.7136329017517137,1852.9860370652448,0.4831816383062921,6470.666666666667,1963.3706221699458,0.6376734258271078,0.373944243105635,4780,0.5144045680659943,False,0.7125167228924832,0.40749414898607295,0.0018218574383487944,0.6967992835319385,Stable
Chandigarh,2025,9,576,4159,4735,0.12164730728616684,0.8783526927138332,0.4507806549885758,3164.418792840823,-0.36832977588046956,5761.666666666667,2087.1120397972572,0.7567053854276663,0.3625358661493488,3583,-0.7550799002895423,False,0.448639951584686,0.6370301757488944,0.0019374711144658854,1.1903276952786743,Routine Monitoring
Chandigarh,2025,10,256,2539,2795,0.09159212880143112,0.9084078711985689,0.2660891089108911,3675.9150165016504,-0.40971488912354803,5008.666666666667,2671.5447216919283,0.8168157423971377,0.33955213531166556,2283,-1.6470755064502598,False,0.26322852951401354,0.7529443600769378,0.0024835163440455094,1.4921993469069696,Routine Monitoring
Chandigarh,2025,11,539,5128,5667,0.09511205223222163,0.9048879477677784,0.5395087585681645,2025.7009710586444,1.0275491949910553,4399.0,1669.8883096383038,0.8097758955355567,0.4262101905588211,4589,-0.32655417609274395,False,0.5377138924969884,0.739369027174341,0.001547652005133851,1.2032027866824864,Routine Monitoring
Chandigarh,2025,12,614,6095,6709,0.09151885526904159,0.9084811447309584,0.6387090632140137,1827.048267326733,0.18387153696841363,5057.0,1644.714524367883,0.8169622894619168,0.46401731297752047,5481,0.15254861855646618,False,0.6373008521864939,0.7532269550295542,0.0015241317165134204,1.1174502345595738,Routine Monitoring
Chhattisgarh,2025,3,13462,198861,212323,0.06340339953749712,0.9365966004625029,0.7441365726462177,54325.69048603712,,212323.0,,0.8731932009250057,,185399,0.6334449593022898,False,0.7431392885650174,0.8616601862541947,,,Stable
Chhattisgarh,2025,4,3771,34216,37987,0.09927080316950536,0.9007291968304947,0.13313449784108114,108492.5519226995,-0.8210886244071532,125155.0,123274.16780493796,0.8014583936609893,0.3227500609932134,30445,-1.3801785727567881,False,0.12975569855434504,0.723329920204354,0.11516456422094112,1.70873878587095,Capacity Expansion
Chhattisgarh,2025,5,3696,38508,42204,0.08757463747512084,0.9124253625248792,0.14791397970055514,83082.36338062395,0.11101166188432887,97504.66666666667,99457.94600902099,0.8248507250497583,0.3353147086308037,34812,-1.3314711891143212,False,0.1445927867006545,0.7684386693311901,0.09291266986056637,1.716758552491102,Capacity Expansion
Chhattisgarh,2025,6,16730,218892,235622,0.071003556543956,0.928996443456044,0.8257934727751921,18338.89532748275,4.582930527912047,105271.0,106600.60095828102,0.857992886912088,0.5856830671910532,202162,0.9025541201953037,False,0.8251144644532945,0.8323485652762602,0.0995861718436051,1.1068202726665708,Routine Monitoring
Chhattisgarh,2025,7,11982,98440,110422,0.10851098512977486,0.8914890148702251,0.387000224303258,79331.97897156957,-0.531359550466425,129416.0,92823.39038356657,0.7829780297404503,0.38633933686070426,86458,-0.5435365679803833,False,0.38461092261835395,0.6876931943898222,0.08671389357393675,1.389796165345405,Routine Monitoring
Chhattisgarh,2025,9,12577,161301,173878,0.07233232496348015,0.9276676750365198,0.6093969046150395,67694.38085291315,0.5746680915035047,173307.33333333334,85136.17439138313,0.8553353500730397,0.5048766431720694,148724,0.18939578592438022,False,0.6078744429911812,0.8272238874245473,0.07953159910047937,1.2988810435338456,Routine Monitoring
Chhattisgarh,2025,10,7363,105267,112630,0.06537334635532274,0.9346266536446772,0.39473868670442436,80082.12436213762,-0.3522469777660199,132310.0,76402.76591262911,0.8692533072893546,0.43927134816387964,97904,-0.518033626770384,False,0.39237954738170494,0.8540626676211295,0.07137182948880436,1.5330549497282289,Capacity Expansion
Chhattisgarh,2025,11,19156,187774,206930,0.09257236746725946,0.9074276325327405,0.7252355184209051,45193.078753808484,0.8372547278700169,164479.33333333334,71650.99138927992,0.8148552650654811,0.5134201972320662,168618,0.571154487406671,False,0.7241645633164884,0.7491638613035233,0.06693216707618718,1.0919314650632221,Routine Monitoring
Chhattisgarh,2025,12,28756,256572,285328,0.10078225761229181,0.8992177423877081,1.0,0.0,0.3788624172425459,201629.33333333334,69275.76375520276,0.7984354847754164,0.594071209014443,227816,1.4766706037932327,False,1.0,0.7175006748723535,0.06471295217097543,0.7822136270433289,Stable
Dadra And Nagar Haveli And Daman And Diu,2025,3,107,1168,1275,0.08392156862745098,0.9160784313725491,0.6028368794326241,506.3829787234043,,1275.0,,0.832156862745098,,1061,-0.24893019907233524,False,0.6012888486652803,0.782527505835252,,,Stable
Dadra And Nagar Haveli And Daman And Diu,2025,4,78,483,561,0.13903743315508021,0.8609625668449198,0.2652482269503546,674.5021276595744,-0.56,918.0,504.8742417671949,0.7219251336898396,0.27760166293762584,405,-1.4259908754805959,False,0.2623843700307686,0.5699614589059433,0.00045915987616557233,1.3080362487513404,Routine Monitoring
Dadra And Nagar Haveli And Daman And Diu,2025,9,394,1586,1980,0.198989898989899,0.8010101010101011,0.9361702127659575,81.19148936170211,2.5294117647058822,1272.0,709.5047568550897,0.602020202020202,0.4251046008892356,1192,0.9132935780534683,False,0.9359214221069202,0.33874203097184175,0.0006503495889446808,0.4034709584538662,Stable
Dadra And Nagar Haveli And Daman And Diu,2025,10,183,768,951,0.19242902208201892,0.807570977917981,0.44964539007092197,640.6127659574469,-0.5196969696969698,1164.0,601.1308093917662,0.6151419558359621,0.2706982676867611,585,-0.7830585732407896,False,0.44750026172188845,0.3640454473411655,0.0005490939972292851,0.9170942796165065,Routine Monitoring
Dadra And Nagar Haveli And Daman And Diu,2025,11,292,1382,1674,0.17443249701314217,0.8255675029868578,0.7914893617021277,320.063829787234,0.7602523659305993,1535.0,563.4995119784932,0.6511350059737157,0.4082144838634573,1090,0.4088390024499281,False,0.7906766455492723,0.4334528715944431,0.000513934446656593,0.6432901604918274,Stable
Dadra And Nagar Haveli And Daman And Diu,2025,12,326,1789,2115,0.1541371158392435,0.8458628841607565,1.0,0.0,0.26344086021505375,1580.0,606.5957467704501,0.691725768321513,0.5040935076797154,1463,1.1358470672903245,False,1.0,0.5117263230595205,0.0005541999796255939,0.5122805230391461,Stable
Delhi,2025,3,17058,170067,187125,0.09115831663326654,0.9088416833667334,1.0,0.0,,187125.0,,0.817683366733467,,153009,1.563328800570658,False,1.0,0.7546174489141882,,,Stable
Delhi,2025,4,27259,153059,180318,0.1511718186758948,0.8488281813241052,0.9636232464929859,6683.191719438888,-0.03637675350701408,183721.5,4813.275859536829,0.6976563626482104,0.4970428845066181,125800,1.4292774242014608,False,0.9634814600814872,0.5231626218708681,0.004484571567499144,0.5641657333568801,Stable
Delhi,2025,5,9946,64215,74161,0.13411361766966465,0.8658863823303353,0.39631796927187707,88862.79983255401,-0.5887210372785856,147201.33333333334,63346.28270335469,0.7317727646606706,0.3473630414430966,54269,-0.6612899272345406,False,0.39396498555091963,0.5889511999272316,0.05917293885113866,1.2541591532274505,Routine Monitoring
Delhi,2025,6,10393,74752,85145,0.12206236420224323,0.8779376357977567,0.4550167000668003,61696.469418837674,0.1481101926888797,113208.0,60315.12923733702,0.7558752715955135,0.38155426986011226,64359,-0.44498019930163896,False,0.4528925075819092,0.6354294205279217,0.05634088147050609,1.2388777944165186,Routine Monitoring
Delhi,2025,7,21224,112549,133773,0.15865682910602288,0.8413431708939771,0.7148857715430862,27853.66432064128,0.5711198543660814,97693.0,52242.76200393697,0.6826863417879542,0.4189560993034911,91325,0.5126590441361926,False,0.7137744760199061,0.4942950881400058,0.048798733750561554,0.8293193458706613,Routine Monitoring
Delhi,2025,9,9613,59298,68911,0.13949877378067363,0.8605012262193263,0.3682618570474282,60610.8526492986,-0.4848661538576544,95943.0,53376.1424174384,0.7210024524386528,0.32794646306532527,49685,-0.764679045192273,False,0.36579951844761527,0.5681822007211946,0.0498576700271659,1.2522403523007453,Routine Monitoring
Delhi,2025,10,3861,36077,39938,0.09667484601131754,0.9033251539886824,0.21342952571810286,63613.10053707415,-0.4204408584986432,80874.0,50992.856907610105,0.8066503079773649,0.33044546709553385,32216,-1.3352491241616795,False,0.210363693993513,0.7333417807792201,0.047630926513868466,1.5706090132995756,Capacity Expansion
Delhi,2025,11,8128,75854,83982,0.09678264389988331,0.9032173561001167,0.4488016032064128,35429.379350701405,1.1028093544994744,64277.0,30626.998592744934,0.8064347122002333,0.40272732859445,67726,-0.46788335057494235,False,0.44665318601216764,0.7329260353085439,0.028602764462638645,1.314875613759015,Routine Monitoring
Delhi,2025,12,10555,105758,116313,0.09074652016541573,0.9092534798345843,0.6215791583166332,30303.058020040084,0.3849753518611132,80077.66666666667,33452.75465887177,0.8185069596691685,0.46918424161712213,95203,0.1688163775567622,False,0.620104179710631,0.756205629523541,0.031242915617194247,1.1673443654301043,Routine Monitoring
Goa,2025,3,1005,5165,6170,0.16288492706645058,0.8371150729335495,0.9453041213421174,337.4735713191357,,6170.0,,0.6742301458670988,,4160,0.4548295899766068,False,0.9450909321041834,0.4779885296349232,,,Stable
Goa,2025,9,330,4913,5243,0.06294106427617777,0.9370589357238223,0.8032786885245902,1122.5901639344263,-0.15024311183144246,5706.5,655.4879861599295,0.8741178714476445,0.555518361716726,4583,-0.21251297081528048,False,0.8025119238705077,0.8634432804630395,0.0005998808166307046,1.0615312374091626,Routine Monitoring
Goa,2025,10,259,2977,3236,0.08003708281829419,0.9199629171817059,0.4957867320361575,2462.073387467443,-0.3827961090978448,4883.0,1499.7629812740413,0.8399258343634116,0.4309063339466715,2718,-1.6573420101996577,False,0.49382144973352093,0.797508851041069,0.0013887010654245711,1.3050761023729724,Routine Monitoring
Goa,2025,11,516,6011,6527,0.07905622797609928,0.9209437720239008,1.0,0.0,1.0169962917181707,5002.0,1474.8593153246854,0.8418875440478014,0.6008857197944729,5495,0.7118320648446799,False,1.0,0.8012917262296152,0.001365433153803672,0.8026571593834189,Routine Monitoring
Goa,2025,12,503,6012,6515,0.07720644666155027,0.9227935533384497,0.9981614830703233,9.975792860425974,-0.0018385169296767367,5426.0,1389.0916816394806,0.8455871066768995,0.6026218057072311,5509,0.7031933261936522,False,0.9981543170455188,0.8084258010570232,0.0012852990191513953,0.8115567830306558,Routine Monitoring
Gujarat,2025,3,50696,294252,344948,0.1469670790959797,0.8530329209040203,1.0,0.0,,344948.0,,0.7060658418080407,,243556,1.7140375043583043,False,1.0,0.5393790938164676,,,Stable
Gujarat,2025,4,4304,38676,42980,0.10013959981386691,0.8998604001861331,0.12459849020721964,169796.37844544684,-0.8754015097927803,193964.0,213523.62050133938,0.7997208003722661,0.346883926186829,34372,-0.9532866765472959,False,0.12118641995003536,0.7199792212747417,0.19948613733570997,1.7982789386604163,Capacity Expansion
Gujarat,2025,5,8671,66797,75468,0.11489637992261621,0.8851036200773837,0.21878080174403097,120671.28386500769,0.7558864588180549,154465.33333333334,165760.67766914243,0.7702072401547676,0.3445542702954237,58126,-0.6663157790043075,False,0.21573582779677164,0.6630665620974655,0.15486042099203393,1.602191155292728,Capacity Expansion
Gujarat,2025,6,4945,37862,42807,0.11551848996659425,0.8844815100334058,0.12409696533970338,47081.24795138204,-0.43277945619335345,53751.666666666664,146405.70580268835,0.7689630200668115,0.3060423166045414,32917,-0.9548148089431017,False,0.12068294027884954,0.6606672624777138,0.13677674705706083,1.676761069255925,Capacity Expansion
Gujarat,2025,7,6578,56466,63044,0.10433982615316287,0.8956601738468372,0.18276377888841217,49393.48479191066,0.4727497839138459,60439.666666666664,129933.03843826635,0.7913203476936742,0.3349148782287173,49888,-0.7760586511747731,False,0.17957842065912538,0.7037801556009203,0.12138605842610627,1.6455877933679013,Capacity Expansion
Gujarat,2025,9,20233,185337,205570,0.09842389453714064,0.9015761054628594,0.595944896042302,41943.74817653675,2.260738531819047,103807.0,122099.0867818702,0.8031522109257188,0.478344290660594,165104,0.4828927814530271,False,0.5943700022512188,0.7265962033632046,0.1140666663673585,1.2462928674793443,Routine Monitoring
Gujarat,2025,10,9840,80095,89935,0.10941235336632012,0.8905876466336798,0.26072045641661934,88355.98035742584,-0.5625091209806878,119516.33333333333,61097.15868679984,0.7811752932673598,0.33304245745675914,70255,-0.5385268115469567,False,0.25783895151379743,0.6842168761915653,0.0570715446649147,1.4834494693426827,Routine Monitoring
Gujarat,2025,11,21561,185850,207411,0.10395302081374662,0.8960469791862534,0.6012819323492237,66840.56523688594,1.3062322788680714,167638.66666666666,73265.9089219991,0.7920939583725067,0.4578136016605308,164289,0.49915458342226626,False,0.5997278408330288,0.7052719526113737,0.06844101153719001,1.1739851233155347,Routine Monitoring
Gujarat,2025,12,28354,257598,285952,0.09915650179051029,0.9008434982094897,0.8289713232139337,33253.56170398629,0.37867326226670706,194432.66666666666,97490.34349599281,0.8016869964189794,0.5477165849853939,229244,1.1929178579828381,False,0.8283047012642808,0.7237707477682468,0.09107430592365438,0.9865403524276204,Routine Monitoring
Haryana,2025,3,14930,120733,135663,0.11005211443061115,0.8899478855693889,1.0,0.0,,135663.0,,0.7798957711387777,,105803,1.5228348186346239,False,1.0,0.6817495016600915,,,Stable
Haryana,2025,4,11610,67836,79446,0.14613699871610905,0.8538630012838909,0.585612878972159,44569.199608588926,-0.41438712102784103,107554.5,39751.421917964144,0.7077260025677818,0.3879020182986587,56226,-0.42714251757538557,False,0.583997713868144,0.5425804752425761,0.037127865785255884,0.9957106271596879,Routine Monitoring
Haryana,2025,5,9048,57194,66242,0.13659007880196855,0.8634099211980315,0.488283467120733,47990.652747371554,-0.16620094152002618,93783.66666666667,36864.5537655528,0.7268198423960629,0.3667065856508154,48146,-0.8851445587251617,False,0.4862889391899324,0.5794002011761547,0.03443061658635901,1.1275418785725813,Routine Monitoring
Haryana,2025,6,7435,57878,65313,0.11383644909895427,0.8861635509010457,0.4814356161960151,36472.53451567487,-0.014024335014039435,70333.66666666667,33296.27003134135,0.7723271018020915,0.3925551724289209,50443,-0.9173684224201134,False,0.4794143972574832,0.6671544106168589,0.031096709412420556,1.2188367227717962,Routine Monitoring
Haryana,2025,7,13500,91549,105049,0.128511456558368,0.871488543441632,0.7743378813678011,17797.51997228426,0.608393428567054,78868.0,29984.46491601943,0.742977086883264,0.4706726243621782,78049,0.4609388410703066,False,0.7734583135414441,0.6105571250432659,0.0280024345018247,0.8651012460036465,Routine Monitoring
Haryana,2025,9,10272,66910,77182,0.13308802570547537,0.8669119742945246,0.5689244672460435,35570.05389334847,-0.265276204437929,82514.66666666667,27351.808126094093,0.7338239485890493,0.3952311893157255,56638,-0.5056730099385401,False,0.5672442553804531,0.5929066133360316,0.025542699230691763,1.0512050571862703,Routine Monitoring
Haryana,2025,10,6310,54761,61071,0.10332236249611108,0.896677637503889,0.4501669578293271,44591.82627540303,-0.20874037988131944,81100.66666666667,16055.790524501337,0.7933552750077778,0.39023890797528843,48451,-1.0645090357613245,False,0.44802386240554637,0.707704220465499,0.014988641054819871,1.2746689991147724,Routine Monitoring
Haryana,2025,11,11587,90260,101847,0.11376869225406737,0.8862313077459326,0.7507352778576325,19949.48659546081,0.6676818784693226,80033.33333333333,19360.63999630867,0.7724626154918652,0.4784186200555653,78673,0.3498723054930888,False,0.749763713683853,0.667415729291499,0.018076417191343952,0.93572843279899,Routine Monitoring
Haryana,2025,12,13581,120449,134030,0.10132806088189211,0.8986719391181078,0.9879628196339458,1191.4722117796844,0.315993598240498,98982.66666666667,27974.05166697643,0.7973438782362158,0.5764785474657644,106868,1.4661915792225075,False,0.9879159020713785,0.7153956685476887,0.026124071778226277,0.7536038382545365,Stable
Himachal Pradesh,2025,3,3492,20527,24019,0.1453849036179691,0.8546150963820309,0.8383887744772941,3881.740025829873,,24019.0,,0.7092301927640617,,17035,0.9418020862178236,False,0.8377588591188393,0.5454810898532093,,,Stable
Himachal Pradesh,2025,4,264,1123,1387,0.19033886085075702,0.809661139149243,0.048413557192223115,12088.00258298719,-0.9422540488779716,12703.0,16003.240671813943,0.619322278298486,0.14391689354467474,859,-0.9655683670512398,False,0.044704539373173674,0.3721065984123152,0.014939542848535377,1.3423416018876768,Routine Monitoring
Himachal Pradesh,2025,5,92,597,689,0.13352685050798258,0.8664731494920174,0.02404970505078711,8489.140982233237,-0.5032444124008653,8698.333333333334,13272.675741286432,0.7329462989840348,0.207949415441031,505,-1.0243941259935254,False,0.020245723750052673,0.5912141922089579,0.012388330364082496,1.5833567988229877,Capacity Expansion
Himachal Pradesh,2025,6,219,2135,2354,0.09303313508920985,0.9069668649107901,0.08216691682083144,1355.3335194945723,2.416545718432511,1476.6666666666667,11291.822509379668,0.8139337298215803,0.2788379530818867,1916,-0.8840719359664402,False,0.07858946015764073,0.7473868130291209,0.010537586058898334,1.6793349389303787,Capacity Expansion
Himachal Pradesh,2025,7,83,744,827,0.1003627569528416,0.8996372430471584,0.0288666271074034,1252.7620510314496,-0.6486830926083262,1290.0,10174.960206310392,0.7992744860943168,0.2512313573616738,661,-1.0127638183516408,False,0.025081420821672588,0.7191185683342055,0.009494082929143177,1.703531230441676,Capacity Expansion
Himachal Pradesh,2025,9,2496,26153,28649,0.08712345980662502,0.9128765401933749,1.0,0.0,33.64207980652962,10610.0,13016.018537427897,0.82575308038675,0.5941090877191599,23657,1.3320073353622104,False,1.0,0.7701787319116632,0.012148531245816458,0.7823272631574797,Stable
Himachal Pradesh,2025,10,1634,10572,12206,0.13386858921841718,0.8661314107815828,0.42605326538448113,7974.41593074802,-0.5739467346155189,13894.0,11171.296087145245,0.7322628215631657,0.34137912065693093,8938,-0.053769103445814,False,0.42381618153154926,0.5898962042324946,0.010424976206748987,1.1765049989076943,Routine Monitoring
Himachal Pradesh,2025,11,2958,16441,19399,0.15248208670550029,0.8475179132944998,0.6771266012775315,6484.804588874538,0.5893003440930691,20084.666666666668,11553.858587790777,0.6950358265889994,0.40158661217462693,13483,0.5524396129895153,False,0.6758681310689553,0.5181092947053026,0.01078241074962281,0.8530235743859702,Routine Monitoring
Himachal Pradesh,2025,12,3843,22223,26066,0.14743343819535026,0.8525665618046497,0.909839784983769,1733.2099200670184,0.3436775091499562,19223.666666666668,11803.92255848312,0.7051331236092995,0.48602829873398107,18380,1.1143183162391108,False,0.9094883656812013,0.537580480820875,0.011016049699867043,0.6391081648395407,Stable
Jammu And Kashmir,2025,3,9169,58117,67286,0.13626906042861814,0.8637309395713819,1.0,0.0,,67286.0,,0.7274618791427637,,48948,1.656900624590948,False,1.0,0.5806382767683568,,,Stable
Jammu And Kashmir,2025,4,4747,23326,28073,0.16909485982972963,0.8309051401702704,0.41721903516333264,27786.70501292988,-0.5827809648366673,47679.5,27727.77821066809,0.6618102803405407,0.29829336542543533,18579,-0.22247932369185677,False,0.4149475179517128,0.45403860395562423,0.025893974368968987,1.0649850603728805,Routine Monitoring
Jammu And Kashmir,2025,5,2309,9482,11791,0.19582732592655416,0.8041726740734458,0.17523704782569927,29457.78344182544,-0.5799878887186977,35716.666666666664,28526.18071760279,0.6083453481468917,0.18320048463763364,7173,-1.0028344181233113,False,0.17202235250376915,0.35093916622431187,0.026639935184819934,1.2055567489053627,Routine Monitoring
Jammu And Kashmir,2025,6,1205,6647,7852,0.1534640855832909,0.8465359144167092,0.11669589513420325,14049.24622259212,-0.33406835722160966,15905.333333333334,27140.47229385173,0.6930718288334182,0.21764009156661188,5442,-1.1916207292009122,False,0.11325302277158328,0.5143220073003064,0.02534524462794595,1.426414229156669,Routine Monitoring
Jammu And Kashmir,2025,7,2799,16179,18978,0.14748656338918747,0.8525134366108125,0.2820497577504979,9242.652101972673,1.4169638308711154,12873.666666666666,23907.201394140637,0.705026873221625,0.27965044208870443,13380,-0.6583796789218088,False,0.2792513884990014,0.5373755922185984,0.02232434554851348,1.2804485492681106,Routine Monitoring
Jammu And Kashmir,2025,9,3757,28623,32380,0.1160284126003706,0.8839715873996294,0.4812293790684541,10238.802821785612,0.7061861102329012,19736.666666666668,21504.424323070514,0.7679431747992588,0.38599579482356045,24866,-0.016055703023862992,False,0.47920735627527833,0.6587006374518597,0.020079390743543146,1.1995726719201245,Routine Monitoring
Jammu And Kashmir,2025,10,2988,22164,25152,0.11879770992366412,0.8812022900763359,0.3738073299051809,15970.0003963182,-0.22322421247683755,25503.333333333332,9570.897443117168,0.7624045801526718,0.3427721855597186,19176,-0.3624754685655995,False,0.37136660600763693,0.6480202536852341,0.008929696986284846,1.285583344663882,Routine Monitoring
Jammu And Kashmir,2025,11,5523,34511,40034,0.1379577359244642,0.8620422640755357,0.5949826115388045,13171.975507535,0.5916825699745547,32522.0,12276.032753567692,0.7240845281510716,0.39299555265283886,28988,0.3507811654676216,False,0.5934039670318537,0.5741255407752844,0.011457150151378576,0.9921787238948093,Routine Monitoring
Jammu And Kashmir,2025,12,9056,53833,62889,0.14399974558348838,0.8560002544165116,0.9346520821567637,2789.811525924165,0.5708897437178397,42691.666666666664,19051.027084298283,0.7120005088330232,0.5010025870531893,44777,1.446163531468782,False,0.934397374249195,0.5508232462411281,0.01778714066924487,0.634213012661178,Stable
Jharkhand,2025,3,16716,389040,405756,0.041197172685061956,0.958802827314938,1.0,0.0,,405756.0,,0.9176056546298761,,372324,1.8216137322121062,False,1.0,0.9473032202461836,,,Stable
Jharkhand,2025,4,303,2760,3063,0.098922624877571,0.901077375122429,0.0075488717357229465,202866.43890293673,-0.9924511282642771,204409.5,284746.9510363544,0.8021547502448579,0.33146153496412095,2457,-1.068408010054875,False,0.0036805748015982754,0.7246727437956629,0.26603128629510175,1.9870234552891666,Capacity Expansion
Jharkhand,2025,5,160,1613,1773,0.09024252679075014,0.9097574732092498,0.004369621151628072,136265.95617070358,-0.4211557296767875,136864.0,232868.1961389318,0.8195149464184998,0.32539947246312556,1453,-1.0776660007513221,False,0.0004889323878837625,0.7581493871013166,0.21756009790017625,1.9752205526136093,Capacity Expansion
Jharkhand,2025,9,15228,167563,182791,0.0833082591593678,0.9166917408406322,0.45049487869557076,34367.33246499539,102.09701071630006,62542.333333333336,191517.7629209625,0.8333834816812644,0.47072387404002164,152335,0.22145257280641142,False,0.4483530614156153,0.7848928641634229,0.1789256965410266,1.5154654992888341,Capacity Expansion
Jharkhand,2025,10,7700,84215,91915,0.08377305118859817,0.9162269488114019,0.2265277654551011,71282.9433115797,-0.4971579563545251,92159.66666666667,167768.2212005599,0.8324538976228036,0.3877831281343777,76515,-0.4307405764419097,False,0.22351298700575478,0.7831002949069209,0.15673610249045755,1.7163234103916236,Capacity Expansion
Jharkhand,2025,11,15866,169026,184892,0.08581225796681306,0.914187742033187,0.4556728674375733,83390.55382380873,1.0115541532938042,153199.33333333334,151321.72321734467,0.8283754840663738,0.45671891912480594,153160,0.23653089718876455,False,0.4535512325095798,0.7752356605147795,0.14136986435005855,1.4630542923552583,Routine Monitoring
Jharkhand,2025,12,20489,172859,193348,0.10596954713780334,0.8940304528621966,0.47651297824308203,82040.0135713746,0.04573480734699187,156718.33333333334,90916.53672609109,0.7880609057243934,0.4189665502529991,152370,0.29721738504082457,False,0.4744725722385487,0.6974947902116305,0.08493228830881812,1.3079545062819,Routine Monitoring
Karnataka,2025,3,64885,231531,296416,0.2188984400302278,0.7811015599697723,1.0,0.0,,296416.0,,0.5622031199395444,,166646,1.6622184893098357,False,1.0,0.26196051070826687,,,Stable
Karnataka,2025,4,6520,34599,41119,0.15856416741652277,0.8414358325834772,0.13872058188491848,145355.97419673702,-0.8612794181150816,168767.5,180522.239916582,0.6828716651669544,0.2662228029087917,28079,-1.036273121071405,False,0.13536355559149676,0.4946524576416481,0.1686523954932302,1.5279412975433817,Capacity Expansion
Karnataka,2025,5,12433,53661,66094,0.1881108723938633,0.8118891276061367,0.22297716722444133,104542.98299012198,0.6073834480410516,134543.0,140741.2119920814,0.6237782552122735,0.24404405825349704,41228,-0.7722871440749205,False,0.21994854953620577,0.3806993094755452,0.13148431574874006,1.2922350756880796,Routine Monitoring
Karnataka,2025,6,9940,42819,52759,0.18840387422051214,0.8115961257794878,0.17798971715426967,43832.87632246572,-0.2017581020970134,53324.0,121973.55519127907,0.6231922515589757,0.22276813890703287,32879,-0.9132382152760464,False,0.17478575096752932,0.37956928565086934,0.11394938010269992,1.31873291478604,Routine Monitoring
Karnataka,2025,7,7712,43584,51296,0.1503431066749844,0.8496568933250156,0.17305408614919573,46901.340098600165,-0.027729865994427505,56716.333333333336,109302.12369711761,0.6993137866500312,0.2660999526094813,35872,-0.9287021385731777,False,0.16983088225317058,0.5263587258526553,0.10211024972261813,1.458638093322103,Routine Monitoring
Karnataka,2025,9,19909,155921,175830,0.11322868679974976,0.8867713132002503,0.5931866026125445,37953.655909262656,2.427752651278852,93295.0,102359.54599743006,0.7735426264005005,0.4522410053781593,136012,0.387623373309913,False,0.591600957765098,0.6694983751091478,0.09562368326023216,1.1735211006042818,Routine Monitoring
Karnataka,2025,10,16979,110584,127563,0.13310285897948465,0.8668971410205154,0.4303512630897118,67349.38028199108,-0.27450946937382703,118229.66666666667,53882.274901554294,0.7337942820410307,0.3571036317880054,93605,-0.12255925538635583,False,0.42813093162979204,0.5928494056618675,0.05033055807235667,1.215049032104432,Routine Monitoring
Karnataka,2025,11,25149,164129,189278,0.13286805650947284,0.8671319434905271,0.6385552736694375,59357.778255334844,0.483800161488833,164223.66666666666,62571.80241290801,0.7342638869810543,0.42978358782413834,138980,0.52976885553809,False,0.6371464632132842,0.5937549712968694,0.058449328962261723,1.015057837045847,Routine Monitoring
Karnataka,2025,12,31865,220202,252067,0.126414802413644,0.873585197586356,0.8503825704415416,28372.85087174781,0.3317289912192647,189636.0,79865.27054671511,0.747170395172712,0.5143498754803314,188337,1.1934491562240666,False,0.8497994035453895,0.6186433174153098,0.0746069054802951,0.8434508193502154,Routine Monitoring
Kerala,2025,3,7086,69602,76688,0.09240037554767369,0.9075996244523263,0.4507399875395267,42121.65183556877,,76688.0,,0.8151992489046527,,62516,-0.9584585910990204,False,0.4485991256252942,0.7498271846998533,,,Stable
Kerala,2025,9,9755,87297,97052,0.10051312698347278,0.8994868730165272,0.5704310618439149,37316.653657619114,0.26554350093886914,86870.0,14399.522492082853,0.7989737460330545,0.4335788395805371,77542,-0.4457458610739482,False,0.56875672226271,0.7185386343485581,0.013441162130343265,1.1632230742161913,Routine Monitoring
Kerala,2025,10,8507,79239,87746,0.09695028833223167,0.9030497116677684,0.5157342862852508,42209.56813880497,-0.09588674112846718,87162.0,10194.553251614316,0.8060994233355366,0.41854620731005315,70732,-0.6800468169575331,False,0.5138467539702434,0.7322794789208432,0.009512389039072656,1.2279451139896724,Routine Monitoring
Kerala,2025,11,10726,131431,142157,0.07545178921896213,0.9245482107810379,0.8355393856751578,17923.740052192923,0.620096642581998,108985.0,28729.748523960316,0.8490964215620758,0.5589738355466276,120705,0.6898811123979081,False,0.8348983641960553,0.8151930104527695,0.026830131991058003,1.0071247782477721,Routine Monitoring
Kerala,2025,12,10918,159220,170138,0.0641714373038357,0.9358285626961643,1.0,0.0,0.19683167202459262,133347.0,39718.14781935331,0.8716571253923285,0.6319316208644316,148302,1.394370156732594,False,1.0,0.8586980853548941,0.03709677723840032,0.8957948625932944,Routine Monitoring
Ladakh,2025,3,555,1380,1935,0.2868217054263566,0.7131782945736435,1.0,0.0,,1935.0,,0.4263565891472868,,825,1.4864570094073681,False,1.0,0.0,,,Stable
Ladakh,2025,9,48,347,395,0.12151898734177215,0.8784810126582279,0.2041343669250646,927.1834625322997,-0.7958656330749354,1165.0,1088.9444430272831,0.7569620253164557,0.27985408019839125,299,-0.7150661628251256,False,0.20103230527112376,0.6375250688900244,0.0010048664340256625,1.4374976300529263,Routine Monitoring
Ladakh,2025,10,60,191,251,0.23904382470119523,0.7609561752988048,0.1297157622739018,748.7345391903532,-0.3645569620253165,860.3333333333334,933.4695138746274,0.5219123505976095,0.10381626465308653,131,-0.9209228750338783,False,0.12632363771205998,0.18426555263986566,0.0008596036073339514,1.0588015185351396,Routine Monitoring
Ladakh,2025,11,120,507,627,0.19138755980861244,0.8086124401913876,0.324031007751938,286.8361757105943,1.49800796812749,424.3333333333333,771.05209508394,0.6172248803827751,0.2300553973130451,387,-0.3834081264888019,False,0.3213962696718376,0.3680620679708403,0.0007078542964573319,1.04737365259546,Routine Monitoring
Ladakh,2025,12,271,997,1268,0.2137223974763407,0.7862776025236593,0.655297157622739,246.57743324720073,1.0223285486443383,715.3333333333334,699.5156896024563,0.5725552050473186,0.31217254600552047,726,0.5329401549404373,False,0.6539536023479477,0.28192301903227446,0.0006410166363391427,0.6286104333206659,Stable
Lakshadweep,2025,9,27,172,199,0.135678391959799,0.864321608040201,0.6862068965517242,62.44482758620689,,199.0,,0.7286432160804021,,145,-0.5952162727961657,False,0.6849838187945945,0.5829163152703153,,,Stable
Lakshadweep,2025,10,29,151,180,0.16111111111111112,0.8388888888888889,0.6206896551724138,71.87931034482759,-0.09547738693467334,189.5,13.435028842544403,0.6777777777777778,0.36801361247977954,122,-0.9818524841851282,False,0.6192112095319273,0.48482962790741124,0.0,0.8656184183754839,Routine Monitoring
Lakshadweep,2025,11,40,204,244,0.16393442622950818,0.8360655737704918,0.8413793103448276,32.94022988505747,0.3555555555555556,207.66666666666666,32.86842456421259,0.6721311475409836,0.43824004041248527,164,0.3205010699671662,False,0.8407610512588061,0.47394091303199504,1.8156946654571993e-05,0.6331980187198436,Stable
Lakshadweep,2025,12,35,255,290,0.1206896551724138,0.8793103448275862,1.0,0.0,0.18852459016393452,238.0,49.14180162210852,0.7586206896551724,0.5469189753727575,220,1.2565676870141278,False,1.0,0.6407235646832535,3.336143501892401e-05,0.6407569261182725,Stable
Madhya Pradesh,2025,3,54546,436588,491134,0.11106133967511922,0.8889386603248808,1.0,0.0,,491134.0,,0.7778773206497616,,382042,2.115983733943469,False,1.0,0.6778572099846375,,,Stable
Madhya Pradesh,2025,4,17635,89182,106817,0.16509544360916334,0.8349045563908367,0.21749054229599254,233951.15637178448,-0.7825094577040075,298975.5,271753.1568252704,0.6698091127816733,0.3125982363459168,71547,-1.042828649164291,False,0.21444053927825815,0.4694632027225468,0.2538909670369455,1.508913630481234,Capacity Expansion
Madhya Pradesh,2025,5,24753,136766,161519,0.1532513202781097,0.8467486797218903,0.32886951422626004,169901.15667686073,0.5121094956795267,253156.66666666666,207901.3842819074,0.6934973594437807,0.3452098017392422,112013,-0.5932171175881165,False,0.3262536352911869,0.5151425819249394,0.19423318800160017,1.3831221346353528,Routine Monitoring
Madhya Pradesh,2025,6,23467,106164,129631,0.1810292291195779,0.8189707708804221,0.26394222350723023,97642.2350458327,-0.19742568985692088,132655.66666666666,180637.67963961264,0.6379415417608443,0.27928156697975226,82697,-0.8553137963000659,False,0.26107327615147957,0.40801117203054094,0.16876025275723625,1.3156981486362977,Routine Monitoring
Madhya Pradesh,2025,7,40718,171174,211892,0.19216393256942216,0.8078360674305778,0.4314341910761625,95337.49388422168,0.6345781487452846,167680.66666666666,156505.72147784245,0.6156721348611557,0.31349975419658954,130456,-0.1791868868819879,False,0.429218080566666,0.365067821393683,0.14621336062941967,1.0820631014564368,Routine Monitoring
Madhya Pradesh,2025,9,38258,241680,279938,0.13666597603755118,0.8633340239624488,0.5699829374468067,89079.61123712335,0.3211352953391351,207153.66666666666,142091.6324171366,0.7266680479248977,0.4267201248982464,203422,0.3801028333774611,False,0.5683068512020312,0.5791074873544823,0.1327460361382257,1.1435466722906766,Routine Monitoring
Madhya Pradesh,2025,10,16482,124519,141001,0.11689278799441138,0.8831072120055886,0.2870927282574613,150383.27389470083,-0.4963134694110839,210943.66666666666,63806.72020929041,0.7662144240111772,0.33309471280748065,108037,-0.7618604835506032,False,0.28431401509460774,0.6553669900138864,0.059603133313947725,1.4306561082332263,Routine Monitoring
Madhya Pradesh,2025,11,31228,225413,256641,0.12167970043757623,0.8783202995624237,0.5225478179071292,107837.34984749579,0.820136027404061,225860.0,62594.86789079971,0.7566405991248476,0.4053543223106233,194185,0.1886180640613458,False,0.5206868428328089,0.6369052446750251,0.05847087942403588,1.174689281266252,Routine Monitoring
Madhya Pradesh,2025,12,42513,282149,324662,0.13094541399979054,0.8690545860002095,0.6610456616727818,81609.35813036768,0.2650433874556286,240768.0,77805.23066071245,0.7381091720004189,0.44452557967648065,239636,0.7477023021027881,False,0.6597245124590643,0.6011700508106189,0.07268217575975863,1.0141277141113134,Routine Monitoring
Maharashtra,2025,3,33174,481549,514723,0.06445019942765332,0.9355498005723467,0.33933857316714594,340057.6316036872,,514723.0,,0.8710996011446933,,448375,0.1896490594670544,False,0.3367634996958894,0.8576229799709657,,,Stable
Maharashtra,2025,4,3473,32341,35814,0.09697325068409002,0.90302674931591,0.023610896850166332,268769.1638404,-0.9304208282901677,275268.5,338639.8014712683,0.80605349863182,0.35612680092171495,28868,-0.8147446130247539,False,0.019805205197789593,0.7321909197300446,0.31638427783731077,2.0287699923695657,Capacity Expansion
Maharashtra,2025,5,6008,48515,54523,0.11019202905195973,0.8898079709480403,0.03594507536051876,194437.0242341215,0.5223934774110683,201686.66666666666,271258.7623659987,0.7796159418960805,0.32227546536461266,42507,-0.7755070935405738,False,0.032187458886413,0.6812098911827348,0.2534290460246902,1.9024514783210118,Capacity Expansion
Maharashtra,2025,6,7944,58537,66481,0.11949278741294506,0.880507212587055,0.04382855959948367,49981.63098024272,0.21932028685142058,52272.666666666664,231569.32838407165,0.7610144251741099,0.30059591812586633,50593,-0.7504281337890196,False,0.0401016707421273,0.6453395396027773,0.2163465440326942,1.8215844128933443,Capacity Expansion
Maharashtra,2025,7,11198,84037,95235,0.11758282144169685,0.8824171785583032,0.06278504946461134,67554.14122960731,0.43251455303018904,72079.66666666667,203159.73309492215,0.7648343571166063,0.30054692034869945,72839,-0.6901237008824977,False,0.05913204770309141,0.652705729351542,0.18980298399146495,1.7833766656399155,Capacity Expansion
Maharashtra,2025,9,34546,277268,311814,0.11079040710166958,0.8892095928983305,0.20556788380068589,125395.81332795374,2.2741534099858245,157843.33333333334,192883.29875134342,0.7784191857966608,0.35385835604815224,242722,-0.23590259166424682,False,0.20247140959460727,0.6789021190433296,0.18020153950651965,1.6566322489552419,Capacity Expansion
Maharashtra,2025,10,20163,520081,540244,0.03732202486283975,0.9626779751371602,0.35616366108005976,203300.55233482894,0.7325841687672778,315764.3333333333,201821.4700122363,0.9253559502743205,0.5014851136755784,499918,0.2431730711595961,False,0.35365416709593,0.9622485515205134,0.18855262241029172,1.7971470068348752,Capacity Expansion
Maharashtra,2025,11,41764,1475078,1516842,0.027533520300730068,0.9724664796992699,1.0,0.0,1.8076980031245142,789633.3333333334,564365.032165796,0.9449329593985398,0.8424277120752653,1433314,2.2913468406401343,False,1.0,0.9999999999999999,0.5272831362257961,1.5272831362257961,Capacity Expansion
Maharashtra,2025,12,45948,637037,682985,0.06727526958864397,0.9327247304113561,0.45026772729130654,502101.8194043942,-0.5497322727086935,913357.0,538266.4601676076,0.865449460822712,0.5992504416458678,591089,0.5425371616343068,False,0.4481250246387059,0.8467274964007371,0.5028988038981603,1.9015012756601917,Capacity Expansion
Manipur,2025,3,3398,20444,23842,0.14252160053686772,0.8574783994631323,0.21011906335651148,18832.341291454053,,23842.0,,0.7149567989262646,,17046,-0.5972847096151546,False,0.20704032837548997,0.5565240268066002,,,Stable
Manipur,2025,9,3135,17473,20608,0.15212538819875776,0.8478746118012422,0.18161788682371396,18188.542465342958,-0.13564298297122723,22225.0,2286.7833303572947,0.6957492236024845,0.23334568929484278,14338,-0.6818771994942585,False,0.17842806222763646,0.5194849783160683,0.002124027340823475,1.3431809434292554,Routine Monitoring
Manipur,2025,10,5040,36155,41195,0.12234494477485132,0.8776550552251486,0.3630507010725396,18183.840902214113,0.9989809782608696,28548.333333333332,11071.057868755512,0.7553101104502974,0.33507965376384474,31115,-0.14337825418160796,False,0.36056805084416704,0.6343395884845867,0.010331321962780578,1.2841028596032,Routine Monitoring
Manipur,2025,11,14641,98828,113469,0.1290308366161683,0.8709691633838317,1.0,0.0,1.75443621798762,58424.0,43411.889174126794,0.7419383267676635,0.549700642338988,84187,1.7471095669446612,False,1.0,0.6085540254514018,0.04054790156556199,0.6491019270169638,Stable
Manipur,2025,12,5752,28516,34268,0.1678533909186413,0.8321466090813587,0.3020031902986719,43957.97775016377,-0.697996809701328,62977.333333333336,38230.34414310183,0.6642932181627174,0.26460529467434957,22764,-0.32456940365364034,False,0.2992825939467703,0.45882659269674975,0.035706697379528626,1.1952506961295082,Routine Monitoring
Meghalaya,2025,3,2117,23774,25891,0.08176586458614962,0.9182341354138503,1.0,0.0,,25891.0,,0.8364682708277007,,21657,1.6617975402728473,False,1.0,0.7908414366850393,,,Stable
Meghalaya,2025,9,1407,13139,14546,0.09672762271414823,0.9032723772858517,0.5618168475532038,8859.406067745549,-0.4381831524467962,20218.5,8022.126432561382,0.8065447545717036,0.4335766075692427,11732,0.22293767105440135,False,0.5601089321738748,0.7331382362065854,0.007482654327268019,1.1805119583599786,Routine Monitoring
Meghalaya,2025,10,875,7288,8163,0.10719098370697047,0.8928090162930296,0.3152833030782898,11092.410490131706,-0.4388147944452083,16200.0,8978.991201688528,0.785618032586059,0.3379250661440338,6413,-0.586603320150653,False,0.31261446889188654,0.6927840604551806,0.00837666908503417,1.388546260648328,Routine Monitoring
Meghalaya,2025,11,839,7084,7923,0.10589423198283479,0.8941057680171652,0.3060136727048009,7086.063059235513,-0.029400955531054707,10210.666666666666,8418.751149467875,0.7882115360343305,0.3363157315471219,6245,-0.6170419599578303,False,0.3033087080916864,0.6977852591156882,0.007853227433991012,1.4023297784579927,Routine Monitoring
Meghalaya,2025,12,946,6472,7418,0.1275276354812618,0.8724723645187382,0.28650882546058476,5589.965522124806,-0.06373848289789219,7834.666666666667,7884.715004361286,0.7449447290374764,0.30181118169560517,5526,-0.6810899312187659,False,0.28372783640793203,0.6143514401472475,0.007354268531636028,1.3379778722709514,Routine Monitoring
Mizoram,2025,3,1693,11313,13006,0.1301706904505613,0.8698293095494387,1.0,0.0,,13006.0,,0.7396586190988774,,9620,2.4537878116083327,False,1.0,0.6041579368527611,,,Stable
Mizoram,2025,4,202,1010,1212,0.16666666666666666,0.8333333333333334,0.0931877594956174,6446.528217745656,-0.9068122405043826,7109.0,8339.617377314142,0.6666666666666666,0.18694533248185577,808,-0.592596443590363,False,0.08965325899491795,0.46340344702352765,0.007779291427121748,1.3815294794557316,Routine Monitoring
Mizoram,2025,5,76,414,490,0.15510204081632653,0.8448979591836735,0.03767491926803014,4717.959095801938,-0.5957095709570956,4902.666666666667,7026.971562012566,0.689795918367347,0.182827264836941,338,-0.7790886796640835,False,0.033924045241681626,0.508004884781816,0.006552864487325353,1.48063370402746,Routine Monitoring
Mizoram,2025,6,81,1255,1336,0.06062874251497006,0.9393712574850299,0.10272182069813932,908.6437029063509,1.7265306122448978,1012.6666666666666,6008.257983808618,0.8787425149700598,0.3257289284981753,1174,-0.5605673060929374,False,0.09922448130156795,0.872361240840167,0.005601063352791081,1.7787378228913902,Capacity Expansion
Mizoram,2025,7,41,389,430,0.09534883720930233,0.9046511627906977,0.03306166384745502,727.1376287867138,-0.6781437125748503,752.0,5444.179019833936,0.8093023255813954,0.25760755305446886,348,-0.7945866494209023,False,0.029292808641689688,0.7384558155794282,0.005074034942288701,1.7142370418800272,Capacity Expansion
Mizoram,2025,9,581,3925,4506,0.12893919218819352,0.8710608078118065,0.34645548208519145,1366.3437387872261,9.47906976744186,2090.6666666666665,4894.46310300391,0.742121615623613,0.31912534872306014,3344,0.25824209605899295,False,0.3439081483344754,0.6089074716677435,0.004560426166961651,1.2695597495002295,Routine Monitoring
Mizoram,2025,10,568,2790,3358,0.16914830256104824,0.8308516974389517,0.25818852837152084,2050.861448562202,-0.2547714158899246,2764.6666666666665,1664.7323708832782,0.6617033948779035,0.2368908267163905,2222,-0.03828572528814142,False,0.2552971547212963,0.4538324907025554,0.0015428347253197599,1.2000781707065789,Routine Monitoring
Mizoram,2025,11,430,3384,3814,0.11274252753015207,0.8872574724698479,0.29324926956789177,2751.1450099953863,0.13579511614055995,3892.6666666666665,1787.5849257214777,0.7745149449396959,0.32117517415774305,2954,0.079498844863682,False,0.2904945528812351,0.6713733516699275,0.001657617922066375,1.3825364167107588,Routine Monitoring
Mizoram,2025,12,381,3023,3404,0.11192714453584018,0.8880728554641598,0.2617253575272951,2602.6642062637757,-0.10749868904037752,3525.3333333333335,1573.1893719447746,0.7761457109283196,0.3116077078409462,2642,-0.026403948474580285,False,0.2588477694479568,0.6745180495045658,0.0014573045703158833,1.417127584626925,Routine Monitoring
Nagaland,2025,3,691,6598,7289,0.09480038414048567,0.9051996158595144,1.0,0.0,,7289.0,,0.8103992317190287,,5907,1.7274878178064208,False,1.0,0.7405710414180097,,,Stable
Nagaland,2025,9,485,4718,5203,0.09321545262348645,0.9067845473765136,0.7138153381808204,1787.5093977225956,-0.28618466181917956,6246.0,1475.0247455551382,0.8135690947530271,0.48691637494357837,4233,-0.29924985820268707,False,0.7126998704077677,0.7466836667049325,0.001365587718034875,1.0353493840151997,Routine Monitoring
Nagaland,2025,10,913,3691,4604,0.19830582102519548,0.8016941789748045,0.631636712854987,2099.1795856770473,-0.11512588891024411,5698.666666666667,1409.4574606327549,0.603388357949609,0.32429519531351186,2778,-0.8812325369799908,False,0.6302009357837279,0.34138032304971644,0.001304327107091136,0.7124837143730797,Stable
Nagaland,2025,11,560,4675,5235,0.1069723018147087,0.8930276981852913,0.7182055151598299,1412.917546988613,0.13705473501303223,5014.0,1173.9365045293832,0.7860553963705826,0.47060629622098266,4115,-0.2681589638439663,False,0.7171071590688183,0.6936274536555141,0.0010842759386154896,0.9776045705253114,Routine Monitoring
Nagaland,2025,12,548,4676,5224,0.10490045941807044,0.8950995405819295,0.7166963918232954,1422.467416655234,-0.002101241642788909,5021.0,1029.2402537794565,0.7901990811638591,0.47271973055003946,4128,-0.2788464587797766,False,0.7155921535915821,0.7016179542471027,0.0009490838114334334,0.986974884466954,Routine Monitoring
Odisha,2025,3,29742,246308,276050,0.10774135120449194,0.8922586487955081,1.0,0.0,,276050.0,,0.7845172975910161,,216566,1.5153980642199405,False,1.0,0.6906614512153696,,,Stable
Odisha,2025,7,619,4697,5316,0.11644093303235516,0.8835590669676449,0.01925738090925557,137973.8138815432,-0.9807426190907444,140683.0,191437.84729775877,0.7671181339352897,0.28379847174263184,4078,-1.5476043884419104,False,0.015434720469311082,0.6571096647209399,0.17885103003764452,1.8205259742892734,Capacity Expansion
Odisha,2025,9,17701,148783,166484,0.10632252949232358,0.8936774705076764,0.6030936424560768,59251.504075348676,30.317531978931527,149283.33333333334,136184.14698243453,0.7873549410153529,0.47496887496745815,131082,0.2758015350498017,False,0.6015466124791883,0.6961334387318118,0.1272265736913745,1.221813399943998,Routine Monitoring
Odisha,2025,10,17831,85896,103727,0.17190316889527316,0.8280968311047269,0.37575439232023183,57332.173182394494,-0.37695514283654885,91842.33333333333,113502.9785347063,0.6561936622094536,0.3075213997662036,68065,-0.4342121496802277,False,0.3733212575274369,0.4432077631127108,0.10603517865846296,1.1759216842437368,Routine Monitoring
Odisha,2025,11,22192,118316,140508,0.15794118484356762,0.8420588151564323,0.5089947473283826,67221.72879067801,0.3545942715011521,136906.33333333334,98303.4126569368,0.6841176303128648,0.3653233461899729,96124,-0.018083059091843733,False,0.5070809461754023,0.49705512235486415,0.09183397003965224,1.081808146219114,Routine Monitoring
Odisha,2025,12,24665,135888,160553,0.15362528261695516,0.8463747173830448,0.5816084042745879,56453.29908349937,0.142660916104421,134929.33333333334,88388.43722267447,0.6927494347660897,0.39208273006115774,111223,0.20869999794423894,False,0.5799776308481537,0.5137003166760842,0.08257024265923542,1.0162929284871658,Routine Monitoring
Puducherry,2025,3,356,2857,3213,0.11079987550575786,0.8892001244942421,0.5095147478591817,1575.9291151284492,,3213.0,,0.7784002489884843,,2501,-0.14455843296697257,False,0.5076029735228393,0.6788656021303677,,,Stable
Puducherry,2025,5,86,367,453,0.18984547461368653,0.8101545253863135,0.07183634633682208,1701.3239771646051,-0.8590102707749767,1833.0,1951.6147160748712,0.6203090507726269,0.14801298166902033,281,-1.366820544530171,False,0.06821862399908785,0.3740094473093115,0.0018108736986616315,1.3076016970088853,Routine Monitoring
Puducherry,2025,7,124,882,1006,0.12326043737574553,0.8767395626242545,0.15953060577228037,1308.891003277302,1.2207505518763795,1557.3333333333333,1460.2658433769288,0.7534791252485089,0.2628050953445877,758,-1.1219252736263854,False,0.15625469113192647,0.6308087966729558,0.0013517982288808513,1.47590590376991,Routine Monitoring
Puducherry,2025,9,1017,3922,4939,0.20591212796112573,0.7940878720388743,0.7832223279416429,462.3145152764562,3.9095427435387675,2132.6666666666665,2068.9373077339324,0.5881757440777485,0.36544762097438127,2905,0.6197982353511726,False,0.7823773892032725,0.3120449835615523,0.0019204901583189892,0.5315880845165988,Stable
Puducherry,2025,10,512,2624,3136,0.16326530612244897,0.8367346938775511,0.49730415477323187,1521.6603235014272,-0.3650536545859485,3027.0,1821.5123661397415,0.673469387755102,0.3245185402698584,2112,-0.17865777448522122,False,0.4953447869600391,0.47652151695243605,0.0016893168971000448,0.982866046889497,Routine Monitoring
Puducherry,2025,11,762,4961,5723,0.1331469508998777,0.8668530491001223,0.9075483666349509,425.2158790569826,0.824936224489796,4599.333333333333,2081.573603470861,0.7337060982002446,0.500599889428006,4199,0.9669915308097045,False,0.907188016024512,0.5926793557987328,0.0019322964607734279,0.6874236362349941,Stable
Puducherry,2025,12,737,5569,6306,0.11687281953694893,0.883127180463051,1.0,0.0,0.1018696487856019,5055.0,2468.6027964552472,0.7662543609261021,0.5525793023078581,4832,1.225172259447873,False,1.0,0.6554440026145677,0.002293904309006774,0.6577379069235745,Stable
Punjab,2025,3,6649,111150,117799,0.05644360308661364,0.9435563969133863,1.0,0.0,,117799.0,,0.8871127938267728,,104501,1.4084118144255742,False,1.0,0.8885021206350899,,,Stable
Punjab,2025,4,1084,13680,14764,0.07342183690056896,0.9265781630994311,0.1253321335495208,57974.29819013744,-0.8746678664504792,66281.5,72856.74719955592,0.8531563261988621,0.33766786692629963,12596,-1.4122474596427879,False,0.12192292282890306,0.8230219530534885,0.06805872489650734,1.7691577551210926,Capacity Expansion
Punjab,2025,5,2812,25890,28702,0.09797226674099366,0.9020277332590063,0.24365232302481346,40657.469375801156,0.9440531021403413,53755.0,55899.84269208635,0.8040554665180126,0.34041929955731187,23078,-1.0306844086216316,False,0.24070429131156187,0.7283380019566427,0.05221560540373106,1.5398493160488118,Capacity Expansion
Punjab,2025,6,2159,21463,23622,0.0913978494623656,0.9086021505376344,0.20052801806466947,17878.325441359153,-0.17699115044247793,22362.666666666668,48064.48131676862,0.8172043010752689,0.3320001452454597,19304,-1.16975316304748,False,0.19741189987147673,0.7536936396438855,0.04489489622101672,1.6011766359934256,Capacity Expansion
Punjab,2025,7,6097,62218,68315,0.08924833491912465,0.9107516650808754,0.5799285223134322,16892.334332209954,1.892007450681568,40213.0,42781.6328849192,0.8215033301617507,0.46007798104298453,56121,0.05375074277032277,False,0.5782912011769344,0.7619836993787686,0.03995904257325056,1.2236515407750848,Routine Monitoring
Punjab,2025,9,6027,85976,92003,0.06550873341086703,0.934491266589133,0.7810168167811272,13426.588907093153,0.3467466881358414,61313.333333333336,41825.334463297084,0.8689825331782659,0.5575897857347276,79949,0.7022272496284909,False,0.7801632815770796,0.8535405186636723,0.03906555696343076,1.1124427940500234,Routine Monitoring
Punjab,2025,10,2976,62248,65224,0.045627376425855515,0.9543726235741445,0.5536889107717383,33553.96522890687,-0.29106659565448956,75180.66666666667,30703.055148741576,0.908745247148289,0.5036134460608996,59272,-0.030867666664775077,False,0.5519493149680166,0.9302171978396977,0.02867382537498459,1.4069417082466658,Routine Monitoring
Punjab,2025,11,4670,88198,92868,0.0502864280484128,0.9497135719515872,0.7883598332753249,17643.382499002542,0.4238317183858702,83365.0,29948.780930114666,0.8994271439031744,0.5759175294621224,83528,0.7259072639155695,False,0.7875349190959129,0.9122485749334902,0.02796909435696402,1.1526827501945414,Routine Monitoring
Punjab,2025,12,4869,88998,93867,0.05187126466170219,0.9481287353382978,0.7968403806483926,17062.631510737217,0.01075720377309719,83986.33333333333,27243.89732337623,0.8962574706765956,0.5758755710988661,84129,0.7532556272367156,False,0.796048521270843,0.9061363156628969,0.025441876362858343,1.135529670754912,Routine Monitoring
Rajasthan,2025,3,47734,798006,845740,0.05644051363303143,0.9435594863669686,1.0,0.0,,845740.0,,0.8871189727339371,,750272,2.445932034699137,False,1.0,0.8885140357695213,,,Stable
Rajasthan,2025,4,9911,72849,82760,0.11975592073465442,0.8802440792653455,0.09785513278312484,418820.7546054343,-0.9021448672168751,464250.0,539508.331909712,0.7604881585306912,0.41424087995067255,62938,-0.5783905383130012,False,0.0943388243981521,0.6443247100162234,0.5040591054376422,2.0540449910557137,Capacity Expansion
Rajasthan,2025,5,3769,36550,40319,0.09347950097968699,0.906520499020313,0.047673043725021874,307544.14981712267,-0.5128202029966167,322939.6666666667,453255.3927095996,0.813040998040626,0.4043659964702635,32781,-0.7466194228462893,False,0.04396113959158045,0.7456653080933643,0.4234715417258459,2.1251757102276296,Capacity Expansion
Rajasthan,2025,6,4365,38124,42489,0.1027324719339123,0.8972675280660877,0.05023884408919999,52416.68502061311,0.05382077928520057,55189.333333333336,395756.8000536019,0.7945350561321753,0.37542194815070573,33759,-0.7380179129988014,False,0.04653694072798771,0.7099792588052248,0.3697496449189045,2.0331919629961415,Capacity Expansion
Rajasthan,2025,7,13572,88877,102449,0.13247567082157952,0.8675243291784205,0.12113533710123679,54271.94361821206,1.4111887782720234,61752.333333333336,349271.0869343467,0.735048658356841,0.3464317747358074,75305,-0.5003467008073837,False,0.11770976844180303,0.5952682901073784,0.32631726565824065,1.803875787323816,Capacity Expansion
Rajasthan,2025,9,28022,204540,232562,0.12049259982284294,0.879507400177157,0.2749804904580604,91231.62161736072,1.2700270378432195,125833.33333333333,312423.2306450658,0.7590148003543141,0.40184260497853924,176518,0.015399036882107883,False,0.27215456717975584,0.6414835505247812,0.2918896972310807,1.661218680576106,Capacity Expansion
Rajasthan,2025,10,12886,111046,123932,0.10397637414065777,0.8960236258593423,0.14653676070660013,130563.6598103436,-0.4671012461193145,152981.0,71018.08928834005,0.7920472517186844,0.3049109737640452,98160,-0.4151917533172533,False,0.1432101996922349,0.7051818855421786,0.06634083605772197,1.6283125219076657,Capacity Expansion
Rajasthan,2025,11,29426,236839,266265,0.11051396165474246,0.8894860383452575,0.314830799063542,142231.76213532922,1.1484765839331246,207586.33333333334,95344.67277549722,0.778972076690515,0.36039935356522723,207413,0.14899197991892155,False,0.3121602011430434,0.6799682896703992,0.08906956988223902,1.4568776584095948,Routine Monitoring
Rajasthan,2025,12,39418,282160,321578,0.12257679318858877,0.8774232068114113,0.3802326956274978,147044.9576899126,0.20773665333408453,237258.33333333334,107982.83187139817,0.7548464136228225,0.37071334836939135,242742,0.368243276782562,False,0.37781701600852474,0.6334454157955184,0.10087761330413098,1.3565060130911246,Routine Monitoring
Sikkim,2025,3,291,3658,3949,0.07368954165611548,0.9263104583438845,0.9226635514018692,305.4016355140186,,3949.0,,0.8526209166877691,,3367,0.7872276359219048,False,0.9223621155543112,0.8219894927606418,,,Stable
Sikkim,2025,9,318,3962,4280,0.07429906542056075,0.9257009345794392,1.0,0.0,0.08381868827551275,4114.5,234.05234457274722,0.8514018691588785,0.6066149537504139,3644,1.0747081605138624,False,1.0,0.8196387348032362,0.00020612644800526415,0.8198448612512415,Routine Monitoring
Sikkim,2025,10,154,1240,1394,0.11047345767575323,0.8895265423242468,0.32570093457943927,2162.9266355140185,-0.6742990654205607,3207.6666666666665,1579.3765647664059,0.7790530846484935,0.3348867642166629,1086,-1.4318440871368623,False,0.32307270540707556,0.6801245018748606,0.0014630853680525676,1.3585148818358377,Routine Monitoring
Sikkim,2025,11,234,2795,3029,0.07725321888412018,0.9227467811158798,0.7077102803738318,847.932476635514,1.172883787661406,2901.0,1292.6461232680813,0.8454935622317596,0.5053372063841909,2561,-0.01181188862371782,False,0.70657101679288,0.8082454140388208,0.0011951883208719705,1.1028695855668127,Routine Monitoring
Sikkim,2025,12,171,2390,2561,0.06677079265911753,0.9332292073408824,0.5983644859813084,935.007476635514,-0.15450643776824036,2328.0,1151.3823430989376,0.866458414681765,0.48217844839802976,2219,-0.4182798206751867,False,0.5967990230751085,0.8486731189106177,0.0010632032083630716,1.2529372990438723,Routine Monitoring
Tamil Nadu,2025,3,30071,352414,382485,0.07862007660431128,0.9213799233956887,0.9864623685310032,5177.940972419234,,382485.0,,0.8427598467913774,,322343,1.129000895316275,False,0.9864096026296754,0.8029738367028582,,,Stable
Tamil Nadu,2025,4,2613,24238,26851,0.09731481136642955,0.9026851886335704,0.0692510845063884,190494.5190362465,-0.9297985541916677,204668.0,251471.21302049665,0.8053703772671409,0.34381270387128127,21625,-0.9291262406508718,False,0.06562328554107244,0.7308736183567713,0.23494120771600005,1.900191540531699,Capacity Expansion
Tamil Nadu,2025,5,2227,13527,15754,0.14136092420972451,0.8586390757902755,0.04063094802106599,135939.396768575,-0.4132806971807381,141696.66666666666,208602.61732378462,0.717278151580551,0.26426012643455293,11300,-0.9933468630543187,False,0.036891595768069226,0.5610004217745422,0.19488836176104724,1.71899718776752,Capacity Expansion
Tamil Nadu,2025,6,827,5494,6321,0.13083372884037336,0.8691662711596266,0.01630241351029314,16042.796038865132,-0.5987685667132157,16308.666666666666,183280.32468757613,0.7383325423192533,0.26176611467545946,4667,-1.0479375750604207,False,0.012468235433858242,0.6016007883676081,0.17122932022491208,1.7603618731586619,Capacity Expansion
Tamil Nadu,2025,7,2288,14588,16876,0.13557715098364542,0.8644228490163546,0.04352468444861683,12418.556672013976,1.6698307229868692,12983.666666666666,163856.98603141704,0.7288456980327092,0.258728384613435,12300,-0.9868536181830321,False,0.03979661117090869,0.5833067726145423,0.15308177005485393,1.6965919314984874,Capacity Expansion
Tamil Nadu,2025,9,48896,249595,298491,0.16381063415647373,0.8361893658435263,0.7698344741498038,24680.49589323264,16.687307418819625,107229.33333333333,169551.96325964498,0.6723787316870525,0.467252793102164,200699,0.642910334069531,False,0.7689373533016018,0.47441834347478407,0.15840268253010614,0.8638836727032884,Routine Monitoring
Tamil Nadu,2025,10,35061,152915,187976,0.18651849172234752,0.8134815082776524,0.4848065942114955,86439.66481660107,-0.3702456690486481,167781.0,122386.49004758109,0.626963016555305,0.32799145681939673,117854,0.003337288659336194,False,0.4827985144024894,0.3868406640102465,0.11433519204545417,1.0183773416532114,Routine Monitoring
Tamil Nadu,2025,11,66505,297601,364106,0.18265285383926658,0.8173471461607335,0.9390613152315763,17277.599973177475,0.9369813167638421,283524.3333333333,158557.550895566,0.6346942923214668,0.4962345102121179,231096,1.022637840512909,False,0.9388237932813807,0.40174931818285364,0.1481304191721194,0.6110559440735924,Stable
Tamil Nadu,2025,12,53612,334122,387734,0.13827005111751872,0.8617299488824813,1.0,0.0,0.0648931904445409,313272.0,168781.1512363471,0.7234598977649626,0.5768678436041378,280510,1.1593779383905916,False,1.0,0.5729210308478335,0.15768249996457964,0.7306035308124131,Stable
Telangana,2025,3,39854,198932,238786,0.16690258222843884,0.8330974177715611,1.0,0.0,,238786.0,,0.6661948355431223,,159078,1.0119861739212765,False,1.0,0.46249358851355404,,,Stable
Telangana,2025,4,2272,14558,16830,0.13499702911467618,0.8650029708853239,0.0704815190170278,118799.89801747171,-0.9295184809829722,127808.0,156946.59272504135,0.7300059417706477,0.26634264195438445,12286,-1.1968654458503345,False,0.06685851594131245,0.585544135912404,0.14662527400943692,1.6653108939805286,Capacity Expansion
Telangana,2025,5,2791,13983,16774,0.16638845832836532,0.8336115416716346,0.07024699940532526,84418.47327732782,-0.0033273915626856887,90796.66666666667,128162.52521440631,0.6672230833432693,0.21694377905403986,11192,-1.1974227441018224,False,0.06662308223775279,0.46447641661590044,0.11973183830846636,1.5175851726866139,Capacity Expansion
Telangana,2025,6,5491,28483,33974,0.16162359451345146,0.8383764054865486,0.14227802299967335,19321.045253909357,1.0253964468820795,22526.0,108432.58631364774,0.676752810973097,0.2410286052506413,22992,-1.0262525668591629,False,0.1389348626167893,0.4828531267332753,0.10129782640185929,1.445216090518345,Routine Monitoring
Telangana,2025,7,9287,58917,68204,0.1361650343088382,0.8638349656911618,0.28562813565284395,28325.3206692743,1.0075351739565552,39650.666666666664,93980.25156808211,0.7276699313823236,0.3172259859520798,49630,-0.6856040106372889,False,0.28284371391762764,0.5810394756109863,0.08779476832762546,1.385990530020984,Routine Monitoring
Telangana,2025,9,22329,212804,235133,0.09496327610331175,0.9050367238966882,0.9847017831866189,1720.0856038461263,2.4474957480499677,112437.0,106509.1835034269,0.8100734477933765,0.6080285759805839,190475,0.9756324147661931,False,0.9846421550160105,0.739942813939202,0.09950075898653904,0.8548014179097305,Routine Monitoring
Telangana,2025,10,29166,149109,178275,0.16360117795540596,0.836398822044594,0.7465889960047909,40681.92681871355,-0.24181208082234307,160537.33333333334,92921.32324212062,0.6727976440891881,0.43587760683387883,119943,0.4097955579253136,False,0.7456012707839607,0.47522615583602323,0.08680539388165255,0.8164302789337151,Routine Monitoring
Telangana,2025,11,37857,179293,217150,0.17433571264103154,0.8256642873589685,0.9093916728786445,19044.60184432922,0.21806198289159995,210186.0,96626.57105096229,0.6513285747179369,0.477710638979868,141436,0.7966700137571964,False,0.9090385069604168,0.43382614109788686,0.09026726888130046,0.6150549030187705,Stable
Telangana,2025,12,32382,196363,228745,0.141563750027323,0.858436249972677,0.9579497960516948,8748.825266137877,0.05339626985954404,208056.66666666666,87498.1526328794,0.716872499945354,0.5332475039634001,163981,0.9120606070786287,False,0.9577858961170986,0.5602181808965007,0.08173843487660107,0.6841707196560031,Stable
Tripura,2025,3,1871,25801,27672,0.06761347210176352,0.9323865278982365,0.9560861002660401,1215.1854334381376,,27672.0,,0.864773055796473,,23930,0.9292986420269818,False,0.9559149361665007,0.8454231465208703,,,Stable
Tripura,2025,9,1575,15951,17526,0.08986648408079424,0.9101335159192058,0.605535017102581,8914.514148498773,-0.366652211621856,22599.0,7174.305401918711,0.8202670318384115,0.4567625665410016,14376,-0.4526765612687939,False,0.6039975029212729,0.7595996757435611,0.006690520958170866,1.1622926937804592,Routine Monitoring
Tripura,2025,10,1027,10469,11496,0.08933542101600557,0.9106645789839944,0.3971944857132986,11391.818608990085,-0.344060253337898,18898.0,8174.8108234992205,0.8213291579679889,0.3880393538836426,9442,-1.2740160522872768,False,0.39484491840828995,0.7616478333352051,0.0076253099074326865,1.374428224834348,Routine Monitoring
Tripura,2025,11,1818,16792,18610,0.09768941429339065,0.9023105857066094,0.6429879418166742,5668.399451796059,0.6188239387613084,15877.333333333334,6676.2582334718,0.8046211714132186,0.45908349278785904,14974,-0.3050261453046089,False,0.6415964086612519,0.7294288825436851,0.006225187158639975,1.0940576610410733,Routine Monitoring
Tripura,2025,12,2776,26167,28943,0.09591265590989186,0.9040873440901082,1.0,0.0,0.5552391187533585,19683.0,7341.66573741954,0.8081746881802163,0.5810427391448706,23391,1.102420116833697,False,1.0,0.7362813289158096,0.006846888518802156,0.7431282174346117,Stable
Uttar Pradesh,2025,3,115598,1503761,1619359,0.07138503568387244,0.9286149643161276,1.0,0.0,,1619359.0,,0.8572299286322551,,1388163,1.4406141931411487,False,1.0,0.8308773098863101,,,Stable
Uttar Pradesh,2025,4,10765,94941,105706,0.10183906306169943,0.8981609369383006,0.0652764458035556,806229.4440099447,-0.9347235541964444,862532.5,1070314.3006633613,0.7963218738766011,0.5916860116104274,84176,-0.9781293196590234,False,0.061633154808183405,0.7134248800230988,1.0,2.651791725214915,Immediate Intervention
Uttar Pradesh,2025,5,10723,97008,107731,0.09953495279910146,0.9004650472008985,0.06652694059810085,570288.5631265211,0.01915690689270244,610932.0,873323.986790126,0.8009300944017971,0.5337161165644937,86285,-0.9748934686327839,False,0.06288852368170555,0.7223111710104094,0.8159486550013662,2.47537130233007,Immediate Intervention
Uttar Pradesh,2025,6,5753,76626,82379,0.06983575911336627,0.9301642408866337,0.05087136329868794,93589.14559814511,-0.23532687898562155,98605.33333333333,760463.8446726117,0.8603284817732675,0.5315086287335993,70873,-1.0154047255301772,False,0.04717192532045438,0.8368524242932992,0.7105015365870443,2.500182035559889,Immediate Intervention
Uttar Pradesh,2025,7,20917,198214,219131,0.09545431728053082,0.9045456827194692,0.13531959250542963,117954.22488116182,1.6600347175857926,136413.66666666666,668740.5274381088,0.8090913654389383,0.4982670755179601,177297,-0.7968817134115151,False,0.13194931010657865,0.7380490092639863,0.6248029071833153,2.230902606340723,Immediate Intervention
Uttar Pradesh,2025,9,181525,969095,1150620,0.15776277137543238,0.8422372286245676,0.7105404051850146,140110.98713956156,4.250831694283328,484043.3333333333,667139.8513006599,0.6844744572491352,0.6101542510511008,787570,0.6915921811962447,False,0.7094121726390614,0.49774321181813386,0.623307368696107,1.4116384078751796,Routine Monitoring
Uttar Pradesh,2025,10,58331,531865,590196,0.09883326894794271,0.9011667310520572,0.3644627287710755,415206.4560444389,-0.4870626271053866,653315.6666666666,424679.72380453965,0.8023334621041146,0.4945919208303577,473534,-0.20393797955891096,False,0.36198558223176286,0.7250173639316905,0.39677281632761957,1.7598045980275472,Capacity Expansion
Uttar Pradesh,2025,11,86211,1038408,1124619,0.0766579614962934,0.9233420385037066,0.6944840520230535,291812.03013044054,0.9055008844519448,955145.0,493190.790055397,0.8466840770074132,0.6548727461293111,952197,0.6500438540193307,False,0.6932932363030369,0.8105411506823487,0.46078385140254796,1.5780317657818599,Capacity Expansion
Uttar Pradesh,2025,12,113623,1347022,1460645,0.07778960664637882,0.9222103933536212,0.9019896144091581,103742.6863427649,0.2987909683190484,1058486.6666666667,557891.7291830019,0.8444207867072423,0.7430064463123273,1233399,1.1869969784356869,False,0.9016075973371876,0.8061767206195706,0.5212350209802232,1.4258041442626062,Routine Monitoring
Uttarakhand,2025,3,7103,63787,70890,0.10019748906756948,0.8998025109324306,1.0,0.0,,70890.0,,0.799605021864861,,56684,1.582645992214832,False,1.0,0.7197559590629502,,,Stable
Uttarakhand,2025,4,2620,18377,20997,0.12477973043768158,0.8752202695623185,0.296191282268303,32335.435823106218,-0.703808717731697,45943.5,35279.67863374042,0.7504405391246368,0.31711573133579174,15757,-0.7815851670885786,False,0.2934480327243449,0.624949320040035,0.03294984124299534,1.3644511285586853,Routine Monitoring
Uttarakhand,2025,5,2697,19441,22138,0.12182672328123588,0.8781732767187641,0.3122866412752151,26138.838576197868,0.05434109634709716,38008.333333333336,28482.07282367864,0.7563465534375282,0.3241810237361356,16744,-0.7275177076701194,False,0.3096061269391951,0.6363382198274085,0.026598724441803296,1.3533308173300167,Routine Monitoring
Uttarakhand,2025,6,1562,14561,16123,0.0968802332072195,0.9031197667927805,0.2274368740301876,15260.181906239715,-0.27170476104435815,19752.666666666668,25701.38002779877,0.806239533585561,0.3269919923624869,12999,-1.0125446738419273,False,0.22442563903181198,0.7325496614013068,0.024000676654341812,1.5321246990238366,Capacity Expansion
Uttarakhand,2025,7,2498,19390,21888,0.11412646198830409,0.8858735380116959,0.3087600507829031,13859.130568486387,0.3575637288345841,20049.666666666668,22761.830807296676,0.7717470760233918,0.3311186372333535,16892,-0.7393642149923059,False,0.30606579078344354,0.6660359142642026,0.02125420665241445,1.3812243301331735,Routine Monitoring
Uttarakhand,2025,9,5095,38280,43375,0.11746397694524496,0.8825360230547551,0.6118634504161377,10529.62707481074,0.9816794590643274,27128.666666666668,21035.875534429273,0.7650720461095101,0.4277187662950687,33185,0.2788193963349822,False,0.6103506026979807,0.6531640784135878,0.019641617773637654,1.0624550934892447,Routine Monitoring
Uttarakhand,2025,10,2556,23963,26519,0.09638372487650364,0.9036162751234964,0.3740866130624912,19149.194159966148,-0.3886109510086455,30594.0,9512.81709414549,0.8072325502469927,0.37166232019782797,21407,-0.5199195133561225,False,0.37164697773258587,0.734464551316076,0.008875431544822043,1.371693005128312,Routine Monitoring
Uttarakhand,2025,11,4866,41388,46254,0.10520171228434298,0.8947982877156571,0.6524756665256031,13454.752094794752,0.7441834156642408,38716.0,12434.643950136517,0.789596575431314,0.4543941885490244,36522,0.41524377465728235,False,0.651121113867616,0.7004561085342847,0.011605343245172622,1.0609403379118414,Routine Monitoring
Uttarakhand,2025,12,7069,62166,69235,0.10210153823932983,0.8978984617606702,0.9766539709408943,1105.1076315418252,0.4968435162364335,47336.0,19693.255329342242,0.7957969235213403,0.569120916206045,55097,1.5042221137419571,False,0.9765629746489246,0.7124125887090801,0.018387185260130275,0.7542367993202858,Stable
West Bengal,2025,3,20580,299942,320522,0.06420776108972238,0.9357922389102776,0.5764618284365918,135753.30182584672,,320522.0,,0.8715844778205553,,279362,0.28184910139916813,False,0.57481099509691,0.8585579949536711,,,Stable
West Bengal,2025,4,1649,19286,20935,0.07876761404346788,0.9212323859565321,0.03765179419297286,164300.26565512503,-0.9346846706310331,170728.5,211839.9992553342,0.8424647719130642,0.3447395863620533,17637,-1.0983281927994049,False,0.033900830031549284,0.8024048272083256,0.19791310184628516,1.9664170990230614,Capacity Expansion
West Bengal,2025,5,2846,27018,29864,0.09529868738280203,0.904701312617198,0.05371068458461627,117125.69829645191,0.42651062813470264,123773.66666666667,170447.53375256955,0.8094026252343959,0.31597032385074647,24172,-1.0571928863278321,False,0.050022313486667844,0.7386492290451282,0.15923942902044336,1.8478663445789039,Capacity Expansion
West Bengal,2025,6,4061,40189,44250,0.09177401129943503,0.9082259887005649,0.07958404074702886,29161.538837011885,0.48171711759978564,31683.0,144738.53863058265,0.81645197740113,0.32115283106731873,36128,-0.9909175454273904,False,0.07599651675526856,0.7522428915626059,0.13521908488408171,1.8114654596914193,Capacity Expansion
West Bengal,2025,7,7849,75679,83528,0.09396848960827507,0.9060315103917249,0.15022589278006387,44653.36327012172,0.8876384180790959,52547.333333333336,125677.67515434076,0.8120630207834498,0.33603444393872217,67830,-0.8099664235111138,False,0.1469137109707627,0.743779419508232,0.11741020133717191,1.7142759098746412,Capacity Expansion
West Bengal,2025,9,34981,521035,556016,0.062913657160945,0.937086342839055,1.0,0.0,5.656642084091562,227931.33333333334,217535.58614971483,0.87417268567811,0.6889278552571291,486054,1.3667542265214159,False,1.0,0.8635489818285663,0.20323458394282073,1.066783565771387,Routine Monitoring
West Bengal,2025,10,16465,328327,344792,0.04775342815378547,0.9522465718462145,0.6201116514632673,124645.92581508444,-0.3798883485367327,328112.0,220962.33818798172,0.9044931436924291,0.5823616120171108,311862,0.3936593699695646,False,0.6186309529259758,0.922017627439296,0.2064362556860603,1.5098229301993804,Capacity Expansion
West Bengal,2025,11,27640,488866,516506,0.05351341513941755,0.9464865848605825,0.9289408937872291,33571.02202094906,0.49802199586997387,472438.0,241340.51090247295,0.8929731697211649,0.6846476206143529,461226,1.1847342961045897,False,0.9286639252646731,0.8998030132915616,0.22547592328682434,1.1966150113137128,Routine Monitoring
West Bengal,2025,12,29677,387994,417671,0.07105353256510508,0.928946467434895,0.7511852176915772,106075.46443807373,-0.19135305301390493,426323.0,217313.00837862113,0.8578929348697899,0.5951326183979514,358317,0.7294080540710036,False,0.7502154072574334,0.8321558221278408,0.2030266258085799,1.2849670406789873,Routine Monitoring
