state_clean,year,month,age_0_5,age_5_17,age_18_greater,total_enrolment,child_share,adult_share,saturation_index,future_update_pressure,mom_growth,volatility,lifecycle_transition_score,rolling_enrolment_trend,age_shift_momentum,coverage_inequality_index,z_score
Andaman And Nicobar Islands,2025,9,133,12,0,145,1.0,0.0,,1.0,,,1.7777777777777777,,,13.228228245962724,-0.5891785338591431
Andaman And Nicobar Islands,2025,10,52,8,0,60,1.0,0.0,,1.0,-58.62068965517242,,1.1851851851851851,,0.0,13.228228245962724,-0.5917350683593368
Andaman And Nicobar Islands,2025,11,85,3,0,88,1.0,0.0,,1.0,46.66666666666666,43.31666346030513,0.4444444444444444,97.66666666666667,0.0,13.228228245962724,-0.5908929158180964
Andaman And Nicobar Islands,2025,12,93,4,0,97,1.0,0.0,,1.0,10.22727272727273,19.29594085120841,0.5925925925925926,81.66666666666667,0.0,13.228228245962724,-0.5906222239298407
Andhra Pradesh,2025,3,43,44,29,116,0.75,0.25,1.0,0.75,,,0.022961085433129566,,,13.228228245962724,-0.5900507632768562
Andhra Pradesh,2025,6,928,433,213,1574,0.8646759847522236,0.13532401524777637,0.5412960609911055,0.8646759847522236,1256.896551724138,,0.22595795437602506,,-0.11467598475222363,13.228228245962724,-0.546198677379418
Andhra Pradesh,2025,7,473,372,111,956,0.8838912133891214,0.11610878661087866,0.46443514644351463,0.8838912133891214,-39.263024142312574,731.8114511265863,0.19412554048009542,882.0,-0.019215228636897716,13.228228245962724,-0.564786187039649
Andhra Pradesh,2025,9,34939,5037,379,40355,0.9906083508858877,0.009391649114112255,0.03756659645644902,0.9906083508858877,4121.234309623431,22570.737271963448,2.6285224392425826,14295.0,-0.10671713749676641,13.228228245962724,0.6202126691147882
Andhra Pradesh,2025,10,21562,2883,122,24567,0.995033988684007,0.0049660113159929985,0.019864045263971994,0.995033988684007,-39.12278528063437,19828.520981992915,1.5044729387207396,21959.333333333332,-0.004425637798119256,13.228228245962724,0.14535894336118393
Andhra Pradesh,2025,11,30114,3285,380,33779,0.9887504070576394,0.011249592942360638,0.044998371769442554,0.9887504070576394,37.49745593682583,7930.591234790338,1.7142537647234233,32900.333333333336,0.00628358162636764,13.228228245962724,0.4224271294292231
Andhra Pradesh,2025,12,21335,1360,231,22926,0.9899241036377912,0.010075896362208845,0.04030358544883538,0.9899241036377912,-32.129429527221056,5850.091651703703,0.7097062770240048,27090.666666666668,-0.001173696580151793,13.228228245962724,0.09600278906921125
Arunachal Pradesh,2025,7,89,352,43,484,0.9111570247933884,0.08884297520661157,0.7320290977961432,0.9111570247933884,,,0.8088235294117647,,,13.228228245962724,-0.5789824727348416
Arunachal Pradesh,2025,9,886,882,6,1774,0.9966178128523112,0.0033821871476888386,0.02786781285231116,0.9966178128523112,266.5289256198347,,2.026654411764706,,-0.08546078805892272,13.228228245962724,-0.5401833020848449
Arunachal Pradesh,2025,10,370,448,5,823,0.9939246658566221,0.006075334143377886,0.050058221952207375,0.9939246658566221,-53.607666290868096,668.7578036927869,1.0294117647058825,1027.0,0.0026931469956890473,13.228228245962724,-0.5687864116105401
Arunachal Pradesh,2025,11,329,366,96,791,0.8786346396965866,0.1213653603034134,1.0,0.8786346396965866,-3.888213851761846,558.5269316096882,0.8409926470588236,1129.3333333333333,0.11529002616003552,13.228228245962724,-0.5697488716576719
Arunachal Pradesh,2025,12,240,128,0,368,1.0,0.0,0.0,1.0,-53.476611883691525,253.9612831384603,0.29411764705882354,660.6666666666666,-0.1213653603034134,13.228228245962724,-0.5824713904056941
Assam,2025,3,587,1105,800,2492,0.6789727126805778,0.32102728731942215,1.0,0.6789727126805778,,,0.15339173890242774,,,13.228228245962724,-0.5185881047773272
Assam,2025,4,11931,9203,4520,25654,0.8238091525688002,0.1761908474311998,0.5488344897481874,0.8238091525688002,929.454253611557,,1.2775241385692693,,-0.14483643988822234,13.228228245962724,0.17805250808718898
Assam,2025,5,5170,5609,2418,13197,0.8167765401227551,0.18322345987724484,0.5707410775176177,0.8167765401227551,-48.5577297887269,11592.038345347206,0.7786192429897894,13781.0,0.007032612446045028,13.228228245962724,-0.19661514213529951
Assam,2025,6,4878,3401,1455,9734,0.8505239367166633,0.14947606328333676,0.46561793712759403,0.8505239367166633,-26.240812305827077,8372.729722139607,0.4721133972915446,16195.0,-0.033747396593908074,13.228228245962724,-0.30077136536083354
Assam,2025,7,30769,11877,5227,47873,0.8908152821005577,0.10918471789944227,0.34011039625676265,0.8908152821005577,391.8122046435176,21091.074992359525,1.6487182651078138,23601.333333333332,-0.04029134538389449,13.228228245962724,0.8463306264377928
Assam,2025,9,35699,14195,745,50639,0.9852880191157013,0.014711980884298663,0.045827820454590336,0.9852880191157013,5.777787061600481,22859.91069536362,1.9704938766696487,36082.0,-0.09447273701514361,13.228228245962724,0.9295232667617395
Assam,2025,10,16361,6693,2733,25787,0.8940163648349944,0.10598363516500563,0.33013902353899255,0.8940163648349944,-49.07679851497857,13620.230394527101,0.9290958447728045,41433.0,0.09127165428070697,13.228228245962724,0.1820527326580801
Assam,2025,11,18577,8093,3154,29824,0.8942462446351931,0.10575375536480687,0.3294229479613734,0.8942462446351931,15.65517508822274,13336.563137980234,1.1234383194003148,35416.666666666664,-0.00022987980019875676,13.228228245962724,0.3034730829790391
Assam,2025,12,13998,4658,1503,20159,0.9254427302941615,0.07455726970583858,0.23224589513368718,0.9254427302941615,-32.4067864806867,4854.276087464856,0.6466051762963877,25256.666666666668,-0.031196485658968293,13.228228245962724,0.01278007186879175
Bihar,2025,3,516,1392,444,2352,0.8112244897959183,0.18877551020408162,1.0,0.8112244897959183,,,0.03886265921344062,,,13.228228245962724,-0.5227988674835284
Bihar,2025,4,12405,15162,1518,29085,0.9478081485301701,0.05219185146982981,0.27647575373207145,0.9478081485301701,1136.607142857143,,0.42330146479467434,,-0.13658365873425182,13.228228245962724,0.2812462712655913
Bihar,2025,5,12978,16517,1219,30714,0.9603112587093834,0.039688741290616655,0.21024306197191528,0.9603112587093834,5.600825167612178,15925.398864706654,0.46113113665833244,20717.0,-0.012503110179213156,13.228228245962724,0.3302415030398896
Bihar,2025,6,15995,27687,1993,45675,0.9563656267104543,0.043634373289545704,0.23114424769597186,0.9563656267104543,48.71068568079704,9144.335787797821,0.7729816419845765,35158.0,0.003945631998929049,13.228228245962724,0.7802216519504339
Bihar,2025,7,18744,37599,2237,58580,0.9618129054284739,0.038187094571526116,0.2022883928653816,0.9618129054284739,28.253968253968264,13945.63552991879,1.049710577418214,44989.666666666664,-0.005447278718019588,13.228228245962724,1.1683637428327662
Bihar,2025,9,62140,78223,1038,141401,0.9926591749704741,0.007340825029525958,0.038886532588840214,0.9926591749704741,141.381017412086,51944.39999011764,2.1838748503254064,81885.33333333333,-0.03084626954200016,13.228228245962724,3.6593607291919796
Bihar,2025,10,43260,50060,1638,94958,0.9827502685397754,0.01724973146022452,0.09137695584335151,0.9827502685397754,-32.84488794280097,41512.305753836416,1.3976039656787627,98313.0,0.009908906430698562,13.228228245962724,2.2625003551626763
Bihar,2025,11,44092,52180,982,97254,0.989902728936599,0.01009727106340099,0.05348824671423228,0.989902728936599,2.4179110764759093,26176.26620305756,1.4567913489636004,111204.33333333333,-0.007152460396823528,13.228228245962724,2.331556863544376
Bihar,2025,12,41809,43546,646,86001,0.9924884594365182,0.00751154056348182,0.039790863525471266,0.9924884594365182,-11.570732309210928,5945.999691669464,1.2157423549629924,92737.66666666667,-0.002585730499919171,13.228228245962724,1.9931017725952178
Chandigarh,2025,4,86,21,10,117,0.9145299145299145,0.08547008547008547,1.0,0.9145299145299145,,,0.5,,,13.228228245962724,-0.5900206864003834
Chandigarh,2025,9,776,79,1,856,0.9988317757009346,0.0011682242990654205,0.01366822429906542,0.9988317757009346,631.6239316239316,,1.880952380952381,,-0.08430186117102005,13.228228245962724,-0.5677938746869355
Chandigarh,2025,10,421,44,0,465,1.0,0.0,0.0,1.0,-45.677570093457945,369.7084436868238,1.0476190476190477,479.3333333333333,-0.0011682242990654205,13.228228245962724,-0.5795539333878261
Chandigarh,2025,11,608,36,15,659,0.9772382397572079,0.02276176024279211,0.26631259484066766,0.9772382397572079,41.72043010752689,195.50191814915786,0.8571428571428571,660.0,0.02276176024279211,13.228228245962724,-0.5737190193520901
Chandigarh,2025,12,486,30,7,523,0.9866156787762906,0.01338432122370937,0.15659655831739963,0.9866156787762906,-20.637329286798177,99.57911427603689,0.7142857142857143,549.0,-0.009377439019082738,13.228228245962724,-0.5778094745523998
Chhattisgarh,2025,3,115,46,99,260,0.6192307692307693,0.38076923076923075,1.0,0.6192307692307693,,,0.02292739657750457,,,13.228228245962724,-0.5857196930647636
Chhattisgarh,2025,4,1299,254,192,1745,0.8899713467048711,0.11002865329512894,0.2889641399670053,0.8899713467048711,571.1538461538462,,0.12659910284100348,,-0.2707405774741018,13.228228245962724,-0.5410555315025579
Chhattisgarh,2025,5,945,270,191,1406,0.864153627311522,0.13584637268847796,0.35676825150509367,0.864153627311522,-19.4269340974212,778.1882805594029,0.13457384947665726,1137.0,0.025817719393349023,13.228228245962724,-0.5512515926268594
Chhattisgarh,2025,6,608,439,216,1263,0.828978622327791,0.171021377672209,0.4491470524724681,0.828978622327791,-10.170697012802277,247.55268799456272,0.21880711081575013,1471.3333333333333,0.03517500498373105,13.228228245962724,-0.5555525859624793
Chhattisgarh,2025,7,5376,1792,419,7587,0.944773955450112,0.05522604454988796,0.14503809679768556,0.944773955450112,500.7125890736342,3610.5905795774374,0.8931716231932215,3418.6666666666665,-0.11579533312232104,13.228228245962724,-0.3653464191480763
Chhattisgarh,2025,9,23680,4769,263,28712,0.9908400668709947,0.009159933129005295,0.024056390035771483,0.9908400668709947,278.43679978911297,14374.202598173344,2.3769729190895497,12520.666666666666,-0.04606611142088267,13.228228245962724,0.27002759634121243
Chhattisgarh,2025,10,13310,2918,128,16356,0.9921741257031059,0.007825874296894107,0.0205528011837623,0.9921741257031059,-43.03427138478685,10613.134331258287,1.4543944176773551,17551.666666666668,-0.001334058832111188,13.228228245962724,-0.10160228935751665
Chhattisgarh,2025,11,18995,4703,293,23991,0.9877870868242258,0.012212913175774248,0.03207431743132631,0.9877870868242258,46.68011738811446,6235.006041162534,2.3440770892174783,23019.666666666668,0.004387038878880142,13.228228245962724,0.12803466251281326
Chhattisgarh,2025,12,15138,2866,161,18165,0.9911368015414258,0.008863198458574181,0.02327708686090189,0.9911368015414258,-24.284106539952475,3989.7364574618164,1.4284764911114805,19504.0,-0.003349714717200067,13.228228245962724,-0.04719321981810253
Dadra And Nagar Haveli And Daman And Diu,2025,6,188,49,12,249,0.9518072289156626,0.04819277108433735,0.5886402753872634,0.9518072289156626,,,1.2049180327868854,,,13.228228245962724,-0.5860505387059651
Dadra And Nagar Haveli And Daman And Diu,2025,7,360,92,15,467,0.9678800856531049,0.032119914346895075,0.3923218109513613,0.9678800856531049,87.55020080321285,,2.2622950819672134,,-0.016072856737442277,13.228228245962724,-0.5794937796348804
Dadra And Nagar Haveli And Daman And Diu,2025,9,401,51,8,460,0.9826086956521739,0.017391304347826087,0.2124223602484472,0.9826086956521739,-1.498929336188437,123.89108119634763,1.2540983606557379,392.0,-0.014728609999068987,13.228228245962724,-0.5797043177701904
Dadra And Nagar Haveli And Daman And Diu,2025,10,130,15,0,145,1.0,0.0,0.0,1.0,-68.4782608695652,183.91936639009316,0.36885245901639346,357.3333333333333,-0.017391304347826087,13.228228245962724,-0.5891785338591431
Dadra And Nagar Haveli And Daman And Diu,2025,11,216,27,1,244,0.9959016393442623,0.004098360655737705,0.05005854800936769,0.9959016393442623,68.27586206896552,161.08072510390556,0.6639344262295083,283.0,0.004098360655737705,13.228228245962724,-0.5862009230883294
Dadra And Nagar Haveli And Daman And Diu,2025,12,147,10,14,171,0.9181286549707602,0.08187134502923976,1.0,0.9181286549707602,-29.918032786885252,51.325757016661,0.24590163934426232,186.66666666666666,0.07777298437350205,13.228228245962724,-0.5883965350708487
Delhi,2025,3,181,102,85,368,0.7690217391304348,0.23097826086956522,1.0,0.7690217391304348,,,0.04178234946065268,,,13.228228245962724,-0.5824713904056941
Delhi,2025,4,4078,1495,357,5930,0.9397976391231029,0.060202360876897135,0.2606408094435076,0.9397976391231029,1511.413043478261,,0.6123981612125075,,-0.17077589999266807,13.228228245962724,-0.41518380346361483
Delhi,2025,5,3687,1514,380,5581,0.9319118437555993,0.06808815624440065,0.29478166468164047,0.9319118437555993,-5.885328836424952,3115.3655216255656,0.6201811478767466,3959.6666666666665,0.007885795367503515,13.228228245962724,-0.42568063335264494
Delhi,2025,6,5327,2371,463,8161,0.9432667565249356,0.05673324347506433,0.24562157175086674,0.9432667565249356,46.22827450277729,1399.7358084057632,0.9712348095216422,6557.333333333333,-0.011354912769336319,13.228228245962724,-0.34808229205265134
Delhi,2025,7,12568,5476,740,18784,0.9606047700170358,0.03939522998296423,0.17055817216153923,0.9606047700170358,130.16787158436466,6997.901328255493,2.2431386828091577,10842.0,-0.017338013492100103,13.228228245962724,-0.028575633281398637
Delhi,2025,9,13982,4475,347,18804,0.9815464794724527,0.01845352052754733,0.07989288887220491,0.9815464794724527,0.10647359454856176,6138.973556982742,1.83309817486687,15249.666666666666,-0.020941709455416898,13.228228245962724,-0.027974095751941323
Delhi,2025,10,7792,2058,164,10014,0.9836229279009386,0.016377072099061314,0.07090308861711252,0.9836229279009386,-46.7453733248245,5069.1452270903965,0.8430203450002276,15867.333333333334,-0.0020764484284860156,13.228228245962724,-0.29234983994843117
Delhi,2025,11,11487,2946,355,14788,0.9759940492291047,0.02400595077089532,0.10393164569046445,0.9759940492291047,47.673257439584575,4400.443765500628,1.206772563834145,14535.333333333334,0.007628878671834007,13.228228245962724,-0.14876283166697013
Delhi,2025,12,8740,1534,132,10406,0.9873150105708245,0.012684989429175475,0.054918542469842055,0.9873150105708245,-29.632134162834735,2650.3667670720615,0.6283737654180511,11736.0,-0.011320961341719846,13.228228245962724,-0.2805597043710678
Goa,2025,7,21,10,11,42,0.7380952380952381,0.2619047619047619,1.0,0.7380952380952381,,,0.1976284584980237,,,13.228228245962724,-0.5922764521358483
Goa,2025,9,693,105,74,872,0.9151376146788991,0.08486238532110092,0.3240200166805671,0.9151376146788991,1976.1904761904764,,2.075098814229249,,-0.177042376583661,13.228228245962724,-0.5673126446633697
Goa,2025,10,367,47,10,424,0.9764150943396226,0.02358490566037736,0.09005145797598628,0.9764150943396226,-51.37614678899083,415.4371191889333,0.9288537549407114,446.0,-0.06127747966072356,13.228228245962724,-0.5807870853232135
Goa,2025,11,537,67,39,643,0.9393468118195957,0.060653188180404355,0.23158490032518025,0.9393468118195957,51.650943396226424,224.01860041820933,1.3241106719367588,646.3333333333334,0.037068282520026995,13.228228245962724,-0.574200249375656
Goa,2025,12,253,24,22,299,0.9264214046822743,0.07357859531772576,0.28093645484949836,0.9264214046822743,-53.499222395023324,174.12734803394136,0.4743083003952569,455.3333333333333,0.012925407137321404,13.228228245962724,-0.5845466948823218
Gujarat,2025,3,686,354,282,1322,0.7866868381240545,0.21331316187594554,1.0,0.7866868381240545,,,0.04533940515155828,,,13.228228245962724,-0.5537780502505801
Gujarat,2025,4,17603,6024,4219,27846,0.8484881131939955,0.15151188680600444,0.7102791289274393,0.8484881131939955,2006.3540090771558,,0.771538352070585,,-0.0618012750699411,13.228228245962724,0.24398102131571067
Gujarat,2025,5,9005,3615,1674,14294,0.882887925003498,0.11711207499650203,0.5490147629268641,0.882887925003498,-48.66767219708397,13263.056862327529,0.4629998576917604,14487.333333333334,-0.03439981180950241,13.228228245962724,-0.1636208086445658
Gujarat,2025,6,6275,5245,704,12224,0.9424083769633508,0.05759162303664921,0.26998626118599384,0.9424083769633508,-14.481600671610462,8485.16831496779,0.6717660452540203,18121.333333333332,-0.05952045195985282,13.228228245962724,-0.2258799429433979
Gujarat,2025,7,33294,23945,3594,60833,0.9409202242204067,0.059079775779593315,0.2769626368107176,0.9409202242204067,397.6521596858639,27486.35510576111,3.066813718514302,29117.0,0.0014881527429441016,13.228228245962724,1.2361269455261328
Gujarat,2025,9,44182,15179,1203,60564,0.9801367148801268,0.019863285119873193,0.09311795364706511,0.9801367148801268,-0.44219420380385843,27987.088814904157,1.944087092642664,44540.333333333336,-0.03921649065972012,13.228228245962724,1.228036265754932
Gujarat,2025,10,15328,3841,1339,20508,0.9347084064755218,0.06529159352447825,0.30608328595517814,0.9347084064755218,-66.13829998018626,23204.385799527925,0.4919453536359755,47301.666666666664,0.04542830840460506,13.228228245962724,0.023276901757821895
Gujarat,2025,11,36898,8111,2054,47063,0.9563563733718633,0.043643626628136756,0.20459884539857018,0.9563563733718633,129.48605422274233,20379.43474028004,1.038835918599687,42711.666666666664,-0.021647966896341492,13.228228245962724,0.8219683564947715
Gujarat,2025,12,25438,3956,994,30388,0.9672897196261683,0.03271028037383177,0.1533439384900908,0.9672897196261683,-35.43123047829505,13421.612235495395,0.5066742564394479,32653.0,-0.010933346254304983,13.228228245962724,0.32043644130973536
Haryana,2025,3,98,79,23,200,0.885,0.115,1.0,0.885,,,0.07992356115107914,,,13.228228245962724,-0.5875243056531355
Haryana,2025,4,1785,482,61,2328,0.9737972508591065,0.02620274914089347,0.22784999252950844,0.9737972508591065,1064.0,,0.48763489208633093,,-0.08879725085910653,13.228228245962724,-0.5235207125188772
Haryana,2025,5,3039,601,56,3696,0.9848484848484849,0.015151515151515152,0.13175230566534915,0.9848484848484849,58.762886597938135,1761.714316605656,0.6080260791366906,2074.6666666666665,-0.01105123398937832,13.228228245962724,-0.48237554550399686
Haryana,2025,6,6112,1190,339,7641,0.955634079308991,0.04436592069100903,0.3857906147044263,0.955634079308991,106.73701298701297,2758.6958875526675,1.2039118705035972,4555.0,0.02921440553949388,13.228228245962724,-0.36372226781854156
Haryana,2025,7,5274,1301,177,6752,0.9737855450236966,0.026214454976303318,0.22795178240263753,0.9737855450236966,-11.634602800680538,2069.318809012602,1.3162095323741008,6029.666666666667,-0.018151465714705713,13.228228245962724,-0.3904606110029192
Haryana,2025,9,20658,1919,123,22700,0.9945814977973568,0.005418502202643172,0.04711741045776671,0.9945814977973568,236.19668246445497,8961.979933772076,1.9414343525179856,12364.333333333334,-0.020795952773660146,13.228228245962724,0.08920541498634359
Haryana,2025,10,14852,1015,51,15918,0.9967960799095363,0.003203920090463626,0.027860174699683705,0.9967960799095363,-29.876651982378853,8003.6427539798,1.0268660071942446,15123.333333333334,-0.0022145821121795457,13.228228245962724,-0.11477596125263184
Haryana,2025,11,19815,1545,177,21537,0.9917815851789943,0.008218414821005712,0.07146447670439748,0.9917815851789943,35.29966076140219,3626.7812635080923,1.5630620503597121,20051.666666666668,0.005014494730542086,13.228228245962724,0.054226007648400736
Haryana,2025,12,13479,764,69,14312,0.9951788708775853,0.004821129122414757,0.041922861934041364,0.9951788708775853,-33.546919255235174,3793.7014027639757,0.772931654676259,17255.666666666668,-0.003397285698590955,13.228228245962724,-0.1630794248680542
Himachal Pradesh,2025,7,57,24,33,114,0.7105263157894737,0.2894736842105263,1.0,0.7105263157894737,,,0.1851851851851852,,,13.228228245962724,-0.590110917029802
Himachal Pradesh,2025,9,4463,253,24,4740,0.9949367088607595,0.005063291139240506,0.017491369390103567,0.9949367088607595,4057.8947368421054,,1.9521604938271606,,-0.2844103930712858,13.228228245962724,-0.45097528646632506
Himachal Pradesh,2025,10,3795,132,42,3969,0.9894179894179894,0.010582010582010581,0.03655603655603655,0.9894179894179894,-16.265822784810126,2478.4182455751893,1.0185185185185186,2941.0,0.005518719442770075,13.228228245962724,-0.47416455822690456
Himachal Pradesh,2025,11,4909,154,60,5123,0.9882881124341206,0.011711887565879368,0.040459247954856,0.9882881124341206,29.075333837238592,587.7706468796594,1.1882716049382716,4610.666666666667,0.001129876983868787,13.228228245962724,-0.4394558427772175
Himachal Pradesh,2025,12,2822,85,19,2926,0.9935064935064936,0.006493506493506494,0.022432113341204252,0.9935064935064936,-42.88502830372828,1098.967242459938,0.6558641975308642,4006.0,-0.005218381072372874,13.228228245962724,-0.5055347403881035
Jammu And Kashmir,2025,4,142,59,10,211,0.95260663507109,0.04739336492890995,0.5773373545885394,0.95260663507109,,,0.053071189925469026,,,13.228228245962724,-0.587193460011934
Jammu And Kashmir,2025,5,191,55,22,268,0.917910447761194,0.08208955223880597,1.0,0.917910447761194,27.014218009478675,,0.04947314315086096,,0.03469618730989602,13.228228245962724,-0.5854790780529806
Jammu And Kashmir,2025,7,569,344,37,950,0.9610526315789474,0.03894736842105263,0.47444976076555023,0.9610526315789474,254.4776119402985,411.1962224210399,0.309432022616294,476.3333333333333,-0.04314218381775334,13.228228245962724,-0.5649666482984862
Jammu And Kashmir,2025,9,9626,2173,24,11823,0.9979700583608221,0.0020299416391778738,0.024728379968166826,0.9979700583608221,1144.5263157894735,6483.379751333405,1.954638910305834,4347.0,-0.03691742678187476,13.228228245962724,-0.23794077040901704
Jammu And Kashmir,2025,10,8286,1818,95,10199,0.9906853613099323,0.009314638690067654,0.11346923495173324,0.9906853613099323,-13.735938425103612,5865.201133237746,1.6353122590593676,7657.333333333333,0.00728469705088978,13.228228245962724,-0.286785617800951
Jammu And Kashmir,2025,11,10078,2251,294,12623,0.9767091816525391,0.023290818347460985,0.28372451441452473,0.9767091816525391,23.767035983919982,1235.1215864575197,2.024800822410691,11548.333333333334,0.01397617965739333,13.228228245962724,-0.21387926923072445
Jammu And Kashmir,2025,12,10296,1082,40,11418,0.9964967595025398,0.0035032404974601507,0.042675838787241835,0.9964967595025398,-9.546066703636225,1212.0067381550898,0.9732716525314828,11413.333333333334,-0.019787577850000834,13.228228245962724,-0.25012190538052764
Jharkhand,2025,3,12,25,18,55,0.6727272727272727,0.32727272727272727,1.0,0.6727272727272727,,,0.0035659522875583923,,,13.228228245962724,-0.591885452741701
Jharkhand,2025,4,2026,1496,184,3706,0.9503507825148408,0.0496492174851592,0.15170594231576423,0.9503507825148408,6638.181818181818,,0.2133865848874942,,-0.27762350978756806,13.228228245962724,-0.48207477673926824
Jharkhand,2025,6,1564,1644,116,3324,0.9651022864019254,0.03489771359807461,0.10663190266078353,0.9651022864019254,-10.30760928224501,2006.7422189542267,0.23449702242983989,2361.6666666666665,-0.014751503887084592,13.228228245962724,-0.4935641435519029
Jharkhand,2025,7,5707,5194,332,11233,0.9704442268316568,0.029555773168343274,0.09030930690327112,0.9704442268316568,237.93622141997594,4460.080978338099,0.7408622472631317,6087.666666666667,-0.005341940429731334,13.228228245962724,-0.25568612752800784
Jharkhand,2025,9,27483,17619,148,45250,0.9967292817679558,0.003270718232044199,0.009993861264579497,0.9967292817679558,302.8309445384136,22276.662100353664,2.513140534179653,19935.666666666668,-0.026285054936299075,13.228228245962724,0.7674389794494659
Jharkhand,2025,10,15742,8978,231,24951,0.9907418540339065,0.009258145966093543,0.02828877934084138,0.9907418540339065,-44.8596685082873,17114.268968709515,1.2806047855079699,27144.666666666668,0.005987427734049344,13.228228245962724,0.15690846392676436
Jharkhand,2025,11,26870,14200,238,41308,0.9942384041832091,0.0057615958167909365,0.017604876106861195,0.9942384041832091,65.55649072181475,10763.675131354228,2.025460899333167,37169.666666666664,-0.003496550149302606,13.228228245962724,0.6488759323934292
Jharkhand,2025,12,16336,6930,145,23411,0.9938063303575242,0.006193669642475759,0.0189251016853426,0.9938063303575242,-43.32574803912075,9918.212691810966,0.9884819741111864,29890.0,0.00043207382568482243,13.228228245962724,0.11059007415855113
Karnataka,2025,3,309,192,231,732,0.6844262295081968,0.3155737704918033,1.0,0.6844262295081968,,,0.05180632588817268,,,13.228228245962724,-0.571523407369571
Karnataka,2025,4,7326,1165,1095,9586,0.8857709159190487,0.11422908408095139,0.36197268202275507,0.8857709159190487,1209.5628415300548,,0.3143456753110478,,-0.2013446864108519,13.228228245962724,-0.3052227430788177
Karnataka,2025,5,2835,1758,898,5491,0.8364596612638864,0.16354033873611365,0.5182317227482043,0.8364596612638864,-42.718547882328394,4431.147744471327,0.47435167141358114,5269.666666666667,0.04931125465516226,13.228228245962724,-0.42838755223520286
Karnataka,2025,6,5863,3662,2160,11685,0.8151476251604621,0.18485237483953787,0.5857659670239901,0.8151476251604621,112.80276816608996,3150.1444940404454,0.9880977364712936,8920.666666666666,0.02131203610342422,13.228228245962724,-0.2420913793622725
Karnataka,2025,7,8654,4460,2149,15263,0.8592019917447422,0.14079800825525782,0.4461651170686092,0.8592019917447422,30.620453572956773,4944.014967614884,1.2034177784440114,10813.0,-0.04405436658428005,13.228228245962724,-0.1344763153423589
Karnataka,2025,9,49108,8049,1025,58182,0.9823828675535389,0.017617132446461105,0.05582571840177285,0.9823828675535389,281.1963572036952,25874.09790375953,2.1718183180932393,28376.666666666668,-0.12318087580879672,13.228228245962724,1.1563931459965657
Karnataka,2025,10,29482,4649,756,34887,0.9783300369765242,0.021669963023475795,0.068668454256209,0.9783300369765242,-40.03815613076209,21485.650102646032,1.2544146304901813,36110.666666666664,0.00405283057701469,13.228228245962724,0.45575230856115834
Karnataka,2025,11,37777,5643,1355,44775,0.9697375767727526,0.03026242322724735,0.09589650996686172,0.9697375767727526,28.34293576403819,11691.715143639109,1.5226202968070752,45948.0,0.008592460203771555,13.228228245962724,0.7531524631248547
Karnataka,2025,12,34340,3777,369,38486,0.9904120979057319,0.009587902094268045,0.03038244300001822,0.9904120979057319,-14.045784477945277,5004.6123059966785,1.019127567081397,39382.666666666664,-0.020674521132979302,13.228228245962724,0.5639989869870021
Kerala,2025,5,201,148,31,380,0.9184210526315789,0.08157894736842106,0.3866842105263158,0.9184210526315789,,,0.056427015250544665,,,13.228228245962724,-0.5821104678880197
Kerala,2025,6,85,80,21,186,0.8870967741935484,0.11290322580645161,0.5351612903225806,0.8870967741935484,-51.05263157894737,,0.03050108932461874,,0.03132427843803055,13.228228245962724,-0.5879453819237557
Kerala,2025,7,158,216,100,474,0.7890295358649789,0.2109704641350211,1.0,0.7890295358649789,154.83870967741936,146.86501739125399,0.0823529411764706,346.6666666666667,0.09806723832856949,13.228228245962724,-0.5792832414995703
Kerala,2025,9,13659,5661,179,19499,0.9908200420534387,0.009179957946561361,0.04351300066670085,0.9908200420534387,4013.7130801687763,11068.164090459326,2.1583333333333337,6719.666666666667,-0.20179050618845973,13.228228245962724,-0.007070666603299636
Kerala,2025,10,11793,4281,529,16603,0.9681382882611577,0.03186171173884238,0.15102451364211286,0.9681382882611577,-14.852043694548433,10250.87054839734,1.6321895424836603,12192.0,0.022681753792281018,13.228228245962724,-0.0941733008687188
Kerala,2025,11,16206,5068,1411,22685,0.9378003085739476,0.06219969142605246,0.29482653735948866,0.9378003085739476,36.631933987833534,3042.1520891193672,1.9322440087145971,19595.666666666668,0.03033797968721008,13.228228245962724,0.0887542618392506
Kerala,2025,12,10848,2906,369,14123,0.9738724067124549,0.026127593287545138,0.12384479218296394,0.9738724067124549,-37.74300198368966,4405.469479332859,1.1079520697167757,17803.666666666668,-0.03607209813850732,13.228228245962724,-0.16876395452142584
Ladakh,2025,9,124,46,5,175,0.9714285714285714,0.02857142857142857,0.6342857142857143,0.9714285714285714,,,1.3834586466165413,,,13.228228245962724,-0.5882762275649571
Ladakh,2025,10,66,40,5,111,0.954954954954955,0.04504504504504504,1.0,0.954954954954955,-36.57142857142858,,1.2030075187969924,,0.016473616473616472,13.228228245962724,-0.5902011476592206
Ladakh,2025,11,135,32,6,173,0.9653179190751445,0.03468208092485549,0.7699421965317919,0.9653179190751445,55.855855855855864,36.38681079732051,0.9624060150375939,153.0,-0.010362964120189555,13.228228245962724,-0.5883363813179029
Ladakh,2025,12,141,15,2,158,0.9873417721518988,0.012658227848101266,0.2810126582278481,0.9873417721518988,-8.670520231213874,32.34707611722168,0.45112781954887216,147.33333333333334,-0.022023853076754224,13.228228245962724,-0.5887875344649959
Lakshadweep,2025,9,60,4,0,64,1.0,0.0,0.0,1.0,,,1.6,,,13.228228245962724,-0.5916147608534452
Lakshadweep,2025,10,38,2,0,40,1.0,0.0,0.0,1.0,-37.5,,0.8,,0.0,13.228228245962724,-0.592336605888794
Lakshadweep,2025,11,59,4,1,64,0.984375,0.015625,1.0,0.984375,60.00000000000001,13.856406460551018,1.6,56.0,0.015625,13.228228245962724,-0.5916147608534452
Lakshadweep,2025,12,31,0,0,31,1.0,0.0,0.0,1.0,-51.5625,17.05872210923198,0.0,45.0,-0.015625,13.228228245962724,-0.5926072977770498
Madhya Pradesh,2025,3,286,161,95,542,0.8247232472324724,0.1752767527675277,1.0,0.8247232472324724,,,0.012592772843411607,,,13.228228245962724,-0.5772380138994154
Madhya Pradesh,2025,4,12077,4146,1128,17351,0.9349893377903291,0.06501066220967092,0.3709029359751751,0.9349893377903291,3101.291512915129,,0.32428345471294734,,-0.11026609055785677,13.228228245962724,-0.07167579726701524
Madhya Pradesh,2025,5,7221,3018,364,10603,0.965670093369801,0.034329906630199,0.1958611515112406,0.965670093369801,-38.89113019422512,8458.740115013188,0.23605582882867224,9498.666666666666,-0.03068075557947192,13.228228245962724,-0.2746345597059132
Madhya Pradesh,2025,6,9708,7774,672,18154,0.9629833645477581,0.03701663545224193,0.21118964647489605,0.9629833645477581,71.21569367160238,4147.246355515106,0.6080510315818748,15369.333333333334,0.002686728822042933,13.228228245962724,-0.04752406545930405
Madhya Pradesh,2025,7,34979,26040,2169,63188,0.96567386212572,0.034326137874279926,0.1958396497669444,0.96567386212572,248.0665418089677,28431.968456885523,2.0367441294561384,30648.333333333332,-0.0026904975779620047,13.228228245962724,1.3069579896197316
Madhya Pradesh,2025,9,97795,33499,939,132233,0.992898898157041,0.00710110184295902,0.04051365472509251,0.992898898157041,109.26916503133506,57459.10345918506,2.620157127213947,71191.66666666667,-0.027225036031320905,13.228228245962724,3.383615925688747
Madhya Pradesh,2025,10,48374,11463,1250,61087,0.9795373811121842,0.02046261888781574,0.11674462565469611,0.9795373811121842,-53.80351349511847,40483.28779056035,0.8965897832548276,85502.66666666667,0.013361517044856719,13.228228245962724,1.2437664721502406
Madhya Pradesh,2025,11,83998,16803,1833,102634,0.982140421302882,0.017859578697117913,0.10189359635618851,0.982140421302882,68.01283415456645,35739.81749160637,1.314263118558045,98651.33333333333,-0.0026030401906978265,13.228228245962724,2.4933704589683936
Madhya Pradesh,2025,12,68311,12162,1026,81499,0.9874108884771592,0.01258911152284077,0.07182419416189155,0.9874108884771592,-20.592591149131867,20774.548442745978,0.9512627535501365,81740.0,-0.005270467174277142,13.228228245962724,1.857695674714376
Maharashtra,2025,3,232,130,98,460,0.7869565217391304,0.21304347826086956,1.0,0.7869565217391304,,,0.014455866363546507,,,13.228228245962724,-0.5797043177701904
Maharashtra,2025,4,7986,1901,704,10591,0.933528467566802,0.066471532433198,0.3120092338701131,0.933528467566802,2202.391304347826,,0.21138924582386084,,-0.14657194582767155,13.228228245962724,-0.2749954822235876
Maharashtra,2025,5,6706,2352,791,9849,0.9196872778962332,0.08031272210376687,0.37697808334421185,0.9196872778962332,-7.005948446794452,5647.138596965133,0.2615399822081645,6966.666666666667,0.013841189670568868,13.228228245962724,-0.297312524566454
Maharashtra,2025,6,6521,3518,610,10649,0.9427176260681754,0.05728237393182459,0.26887644906774805,0.9427176260681754,8.122652045892975,446.0807101859441,0.39119798359197394,10363.0,-0.023030348171942286,13.228228245962724,-0.27325102338816143
Maharashtra,2025,7,34468,18536,1763,54767,0.9678090821114905,0.0321909178885095,0.15110022682361604,0.9678090821114905,414.29242182364544,25705.591635543682,2.0611841454976774,25088.333333333332,-0.025091456043315086,13.228228245962724,1.053680612841729
Maharashtra,2025,9,73648,27694,752,102094,0.9926342390346151,0.007365760965384841,0.034573980041602316,0.9926342390346151,86.41517702265963,45731.88325810925,3.079544331323515,55836.666666666664,-0.02482515692312466,13.228228245962724,2.477128945673046
Maharashtra,2025,10,39721,8744,912,49377,0.9815298620815359,0.018470137918464063,0.08669656573972928,0.9815298620815359,-51.63574744842988,29005.686563155155,0.9723238114065434,68746.0,0.011104376953079222,13.228228245962724,0.8915662486529828
Maharashtra,2025,11,57257,11857,1753,70867,0.9752635218084581,0.024736478191541903,0.11610999967458445,0.9752635218084581,43.52228770480182,26507.947606959933,1.3184862113274687,74112.66666666667,0.00626634027307784,13.228228245962724,1.5379183240548675
Maharashtra,2025,12,47151,6204,719,54074,0.9867034064430226,0.013296593556977475,0.06241258200213917,0.9867034064430226,-23.69650189792146,11298.132279275182,0.6898784224572502,58106.0,-0.011439884634564428,13.228228245962724,1.0328373374460333
Manipur,2025,4,130,476,26,632,0.9588607594936709,0.04113924050632911,0.2176639815880322,0.9588607594936709,,,0.48233058898036735,,,13.228228245962724,-0.5745310950168575
Manipur,2025,5,120,116,55,291,0.8109965635738832,0.18900343642611683,1.0,0.8109965635738832,-53.95569620253164,,0.1175427485750475,,0.14786419591978772,13.228228245962724,-0.5847873098941048
Manipur,2025,6,91,499,13,603,0.978441127694859,0.02155887230514096,0.11406603346901854,0.978441127694859,107.21649484536084,189.06171831794327,0.5056364787840405,508.6666666666667,-0.16744456412097586,13.228228245962724,-0.5754033244345707
Manipur,2025,7,348,1265,13,1626,0.9920049200492005,0.007995079950799507,0.04230124119423012,0.9920049200492005,169.65174129353233,698.3430389142574,1.2818239392020265,840.0,-0.013563792354341454,13.228228245962724,-0.544634679802829
Manipur,2025,9,1361,1992,32,3385,0.9905465288035451,0.009453471196454948,0.05001745669397072,0.9905465288035451,108.17958179581795,1407.132663729093,2.0184927169094364,1871.3333333333333,0.0014583912456554403,13.228228245962724,-0.49172945408705815
Manipur,2025,10,1003,1384,47,2434,0.9806902218570255,0.019309778142974528,0.1021662807201016,0.9806902218570255,-28.09453471196455,880.4682466354668,1.4024065864471185,2481.6666666666665,0.00985630694651958,13.228228245962724,-0.5203325636127535
Manipur,2025,11,1265,1442,51,2758,0.9815083393763597,0.01849166062364032,0.09783769529962424,0.9815083393763597,13.311421528348388,483.4780243196167,1.4611779607346422,2859.0,-0.0008181175193342077,13.228228245962724,-0.510587655635545
Manipur,2025,12,726,721,23,1470,0.9843537414965986,0.015646258503401362,0.08278293135435993,0.9843537414965986,-46.700507614213194,669.9771140369894,0.7305889803673211,2220.6666666666665,-0.002845402120238958,13.228228245962724,-0.549326672532596
Meghalaya,2025,3,507,269,774,1550,0.5006451612903225,0.4993548387096774,0.9197960889186028,0.5006451612903225,,,0.04560266721919795,,,13.228228245962724,-0.5469205224147667
Meghalaya,2025,4,7172,16999,6341,30512,0.7921801258521237,0.20781987414787625,0.382797747458912,0.7921801258521237,1868.5161290322578,,2.881783420294223,,-0.29153496456180117,13.228228245962724,0.32416597399237074
Meghalaya,2025,5,3660,7682,6038,17380,0.6525891829689298,0.3474108170310702,0.6399199246349506,0.6525891829689298,-43.038804404824326,14501.929572761459,1.3023036787281734,16480.666666666668,0.13959094288319393,13.228228245962724,-0.07080356784930213
Meghalaya,2025,6,1724,7051,4786,13561,0.6470761743234275,0.35292382567657254,0.6500747151710962,0.6470761743234275,-21.973532796317606,8891.668253670587,1.1953323664035864,20484.333333333332,0.00551300864550236,13.228228245962724,-0.1856671590991764
Meghalaya,2025,7,3492,11649,8768,23909,0.6332761721527458,0.36672382784725416,0.6754938901538802,0.6332761721527458,76.30705700169604,5232.808455631957,1.9748158752283902,18283.333333333332,0.013800002170681613,13.228228245962724,0.12556835864203827
Meghalaya,2025,9,2086,4747,2706,9539,0.7163224656672608,0.2836775343327393,0.5225251992502011,0.7163224656672608,-60.10289012505752,7413.439237852653,0.804742978771497,15669.666666666666,-0.08304629351451487,13.228228245962724,-0.30663635627304237
Meghalaya,2025,10,979,2014,1765,4758,0.6290458175704078,0.37095418242959227,0.6832860717809329,0.6290458175704078,-50.12055771045183,9967.577957223777,0.3414266608902033,12735.333333333334,0.08727664809685298,13.228228245962724,-0.4504339026898135
Meghalaya,2025,11,1168,1987,2742,5897,0.5350178056638969,0.4649821943361031,0.8564827465620968,0.5350178056638969,23.9386296763346,2497.3134231276053,0.33684944150388973,6731.333333333333,0.09402801190651083,13.228228245962724,-0.4161763403872194
Meghalaya,2025,12,284,691,1158,2133,0.4571026722925457,0.5428973277074542,1.0,0.4571026722925457,-63.82906562658979,1930.269497591806,0.11714291096083936,4262.666666666667,0.07791513337135114,13.228228245962724,-0.529385703431086
Mizoram,2025,4,275,76,17,368,0.9538043478260869,0.04619565217391304,0.31524255233494364,0.9538043478260869,,,0.482922954725973,,,13.228228245962724,-0.5824713904056941
Mizoram,2025,5,475,154,108,737,0.8534599728629579,0.14654002713704206,1.0,0.8534599728629579,100.27173913043477,,0.9785544082605242,,0.10034437496312902,13.228228245962724,-0.5713730229872066
Mizoram,2025,6,205,69,37,311,0.8810289389067524,0.1189710610932476,0.8118673335715136,0.8810289389067524,-57.80189959294437,231.25959439556232,0.4384432088959492,472.0,-0.02756896604379447,13.228228245962724,-0.5841857723646474
Mizoram,2025,7,549,217,109,875,0.8754285714285714,0.12457142857142857,0.8500846560846561,0.8754285714285714,181.35048231511254,294.0,1.3788721207307386,641.0,0.005600367478180976,13.228228245962724,-0.5672224140339511
Mizoram,2025,9,870,311,37,1218,0.9696223316912972,0.030377668308702793,0.20729945873624037,0.9696223316912972,39.19999999999999,457.9654280983809,1.9761715647339158,801.3333333333334,-0.09419376026272577,13.228228245962724,-0.5569060454037582
Mizoram,2025,10,637,165,101,903,0.8881506090808416,0.11184939091915837,0.7632685287724048,0.8881506090808416,-25.86206896551724,190.46346981333008,1.0484511517077044,998.6666666666666,0.08147172261045557,13.228228245962724,-0.5663802614927109
Mizoram,2025,11,686,187,53,926,0.9427645788336934,0.05723542116630669,0.390578753699704,0.9427645788336934,2.5470653377630104,175.60277142839547,1.188244638602065,1015.6666666666666,-0.054613969752851675,13.228228245962724,-0.565688493333835
Mizoram,2025,12,347,80,9,436,0.9793577981651376,0.020642201834862386,0.1408639143730887,0.9793577981651376,-52.915766738660906,276.50135623537176,0.5083399523431295,755.0,-0.036593219331444306,13.228228245962724,-0.5804261628055392
Nagaland,2025,4,1186,2082,238,3506,0.9321163719338277,0.06788362806617228,0.4247153947270518,0.9321163719338277,,,1.6899350649350648,,,13.228228245962724,-0.4880901520338414
Nagaland,2025,5,303,326,37,666,0.9444444444444444,0.05555555555555555,0.3475845410628019,0.9444444444444444,-81.00399315459212,,0.26461038961038963,,-0.012328072510616725,13.228228245962724,-0.5735084812167801
Nagaland,2025,6,181,502,56,739,0.9242219215155616,0.07577807848443843,0.4741071953874213,0.9242219215155616,10.960960960960954,1619.012970917775,0.4074675324675325,1637.0,0.02022252292888288,13.228228245962724,-0.5713128692342608
Nagaland,2025,7,964,2895,310,4169,0.9256416406812186,0.07435835931878149,0.4652246915640285,0.9256416406812186,464.1407307171854,2001.7175125376707,2.3498376623376624,1858.0,-0.0014197191656569463,13.228228245962724,-0.4681491829323314
Nagaland,2025,9,745,1811,178,2734,0.9348939283101683,0.06510607168983175,0.4073375528768169,0.9348939283101683,-34.420724394339175,1722.6021982260831,1.4699675324675325,2547.3333333333335,-0.009252287628949737,13.228228245962724,-0.5113095006708938
Nagaland,2025,10,554,1239,67,1860,0.9639784946236559,0.03602150537634408,0.22536933146330057,0.9639784946236559,-31.967812728602784,1165.8031566263662,1.0056818181818181,2921.0,-0.029084566313487666,13.228228245962724,-0.5375966907081784
Nagaland,2025,11,430,779,230,1439,0.8401667824878388,0.15983321751216123,1.0,0.8401667824878388,-22.634408602150536,660.5732359095394,0.6323051948051948,2011.0,0.12381171213581715,13.228228245962724,-0.5502590557032548
Nagaland,2025,12,90,222,4,316,0.9873417721518988,0.012658227848101266,0.07919647771051183,0.9873417721518988,-78.04030576789437,798.1547469006246,0.18019480519480519,1205.0,-0.14717498966405995,13.228228245962724,-0.584035387982283
Odisha,2025,4,182,82,12,276,0.9565217391304348,0.043478260869565216,0.9199999999999999,0.9565217391304348,,,0.02213424509627497,,,13.228228245962724,-0.5852384630411978
Odisha,2025,7,364,140,25,529,0.9527410207939508,0.04725897920604915,1.0,0.9527410207939508,91.66666666666667,,0.0377901745546158,,0.0037807183364839334,13.228228245962724,-0.5776290132935626
Odisha,2025,9,42843,10426,51,53320,0.9990435108777195,0.0009564891222805701,0.020239309827456864,0.9990435108777195,9979.395085066162,30552.19475476898,2.814288285045888,18041.666666666668,-0.04630249008376858,13.228228245962724,1.0101593725854925
Odisha,2025,10,19004,4435,238,23677,0.9899480508510369,0.01005194914896313,0.2126992439920598,0.9899480508510369,-55.59452363090773,26462.007463531558,1.197138743926579,25842.0,0.009095460026682559,13.228228245962724,0.11859052330033341
Odisha,2025,11,18397,4253,247,22897,0.9892125605974582,0.010787439402541817,0.22826221775778485,0.9892125605974582,-3.2943362757106076,17343.946004297864,1.1480115170055787,33298.0,0.0007354902535786877,13.228228245962724,0.09513055965149814
Odisha,2025,12,16709,2892,153,19754,0.9922547332185886,0.00774526678141136,0.16388984509466437,0.9922547332185886,-13.726689085906452,2076.727313186113,0.7806370343710636,22109.333333333332,-0.003042172621130457,13.228228245962724,0.0005989368972811273
Puducherry,2025,9,1038,72,10,1120,0.9910714285714286,0.008928571428571428,0.2354910714285714,0.9910714285714286,,,1.4922279792746114,,,13.228228245962724,-0.559853579298099
Puducherry,2025,10,515,50,3,568,0.9947183098591549,0.00528169014084507,0.13930457746478872,0.9947183098591549,-49.28571428571429,,1.0362694300518134,,-0.0036468812877263578,13.228228245962724,-0.5764560151111209
Puducherry,2025,11,808,50,15,873,0.9828178694158075,0.01718213058419244,0.4531786941580756,0.9828178694158075,53.69718309859155,276.5073838676525,1.0362694300518134,853.6666666666666,0.011900440443347371,13.228228245962724,-0.5672825677868969
Puducherry,2025,12,385,21,16,422,0.9620853080568721,0.037914691943127965,1.0,0.9620853080568721,-51.66093928980526,230.12387968222677,0.43523316062176165,621.0,0.020732561358935524,13.228228245962724,-0.5808472390761593
Punjab,2025,3,118,28,34,180,0.8111111111111111,0.18888888888888888,1.0,0.8111111111111111,,,0.02162533253239509,,,13.228228245962724,-0.5881258431825929
Punjab,2025,4,3747,1090,636,5473,0.883793166453499,0.116206833546501,0.6152126481873583,0.883793166453499,2940.5555555555557,,0.8418433021539518,,-0.07268205534238788,13.228228245962724,-0.42892893601171445
Punjab,2025,5,2540,1002,225,3767,0.940270772498009,0.05972922750199097,0.3162135573634816,0.940270772498009,-31.171204092819295,2701.6308037924055,0.7738779713378529,3140.0,-0.056477606044510034,13.228228245962724,-0.4802400872744234
Punjab,2025,6,1704,846,192,2742,0.9299781181619255,0.0700218818380744,0.3707040803192174,0.9299781181619255,-27.20998141757367,1379.5785588359947,0.6533939758002231,3994.0,0.010292654336083423,13.228228245962724,-0.5110688856591108
Punjab,2025,7,5862,2132,517,8511,0.9392550816590295,0.06074491834097051,0.3215907441580792,0.9392550816590295,210.39387308533918,3077.8109645222416,1.6466146056809405,5006.666666666667,-0.009276963497103885,13.228228245962724,-0.33755538528714835
Punjab,2025,9,17711,2582,157,20450,0.992322738386308,0.007677261613691932,0.04064432619013376,0.992322738386308,140.27728821525085,9031.374443202614,1.9941645928087186,10567.666666666666,-0.053067656727278575,13.228228245962724,0.02153244292239568
Punjab,2025,10,8138,1255,286,9679,0.9704514929228226,0.029548507077177395,0.15643327276152738,0.9704514929228226,-52.66992665036675,6581.772633569165,0.9692782974341371,12880.0,0.021871245463485463,13.228228245962724,-0.3024255935668412
Punjab,2025,11,11473,1861,576,13910,0.9585909417685119,0.04140905823148814,0.2192244259314078,0.9585909417685119,43.71319351172642,5426.591963040275,1.437312280099545,14679.666666666666,0.011860551154310745,13.228228245962724,-0.17517032921014625
Punjab,2025,12,6602,857,433,7892,0.9451343132285859,0.05486568677141409,0.2904654005545452,0.9451343132285859,-43.26383896477355,3090.605496231012,0.6618896421522354,10493.666666666666,0.01345662853992595,13.228228245962724,-0.35617297182385227
Rajasthan,2025,3,41,36,17,94,0.8191489361702128,0.18085106382978725,1.0,0.8191489361702128,,,0.002942137953579601,,,13.228228245962724,-0.5907124545592592
Rajasthan,2025,4,11907,4141,794,16842,0.9528559553497209,0.04714404465027906,0.26067883512507245,0.9528559553497209,17817.021276595744,,0.3384275907159202,,-0.13370701917950817,13.228228245962724,-0.0869849273917039
Rajasthan,2025,5,1992,904,65,2961,0.978047956771361,0.021952043228638973,0.12138188608776844,0.978047956771361,-82.41895261845387,8957.28152584998,0.07388035305655442,6632.333333333333,-0.02519200142164009,13.228228245962724,-0.5044820497115532
Rajasthan,2025,6,4094,2354,168,6616,0.9746070133010882,0.02539298669891173,0.1404082793939825,0.9746070133010882,123.43802769334684,7195.0476255083495,0.1923831317423995,8806.333333333334,0.0034409434702727566,13.228228245962724,-0.39455106620322894
Rajasthan,2025,7,17372,10811,603,28786,0.9790523170985896,0.020947682901410407,0.11582836427838694,0.9790523170985896,335.09673518742443,13974.96899221366,0.8835403726708074,12787.666666666666,-0.004445303797501323,13.228228245962724,0.2722532852002045
Rajasthan,2025,9,84100,38906,576,123582,0.9953391270573384,0.004660872942661553,0.025771885682952113,0.9953391270573384,329.3128604182589,62127.33653822071,3.179633867276888,52994.666666666664,-0.016286809958748854,13.228228245962724,3.123420867321985
Rajasthan,2025,10,27460,14581,277,42318,0.9934543220379035,0.006545677962096507,0.03619374873159245,0.9934543220379035,-65.75714909938341,51272.53055324395,1.1916475972540046,64895.333333333336,0.0018848050194349543,13.228228245962724,0.6792535776310237
Rajasthan,2025,11,46188,22317,2590,71095,0.9635698712989662,0.03643012870103383,0.20143718222924586,0.9635698712989662,68.00179592608346,41204.44675436541,1.8238803530565544,78998.33333333333,0.02988445073893732,13.228228245962724,1.544775851890681
Rajasthan,2025,12,31822,16074,393,48289,0.9918615005487792,0.008138499451220775,0.045001114612632516,0.9918615005487792,-32.07820521836978,15187.06799659941,1.313664596273292,53900.666666666664,-0.02829162924981305,13.228228245962724,0.858842607050505
Sikkim,2025,4,67,88,21,176,0.8806818181818182,0.11931818181818182,0.8277698863636364,0.8806818181818182,,,0.512621359223301,,,13.228228245962724,-0.5882461506884843
Sikkim,2025,7,148,255,28,431,0.9350348027842227,0.06496519721577726,0.45069605568445475,0.9350348027842227,144.88636363636363,,1.4854368932038835,,-0.054352984602404564,13.228228245962724,-0.5805765471879035
Sikkim,2025,9,349,367,21,737,0.9715061058344641,0.028493894165535955,0.19767639077340568,0.9715061058344641,70.99767981438517,280.8860979115912,2.137864077669903,448.0,-0.03647130305024131,13.228228245962724,-0.5713730229872066
Sikkim,2025,10,167,137,14,318,0.9559748427672956,0.0440251572327044,0.30542452830188677,0.9559748427672956,-56.852103120759836,216.78176430072094,0.7980582524271845,495.3333333333333,0.015531263067168444,13.228228245962724,-0.5839752342293374
Sikkim,2025,11,240,157,5,402,0.9875621890547264,0.012437810945273632,0.08628731343283583,0.9875621890547264,26.415094339622634,221.67619027160615,0.9145631067961165,485.6666666666667,-0.03158734628743077,13.228228245962724,-0.5814487766056167
Sikkim,2025,12,69,26,16,111,0.8558558558558559,0.14414414414414414,1.0,0.8558558558558559,-72.38805970149254,149.76982339576955,0.15145631067961166,277.0,0.1317063331988705,13.228228245962724,-0.5902011476592206
Tamil Nadu,2025,3,12,12,10,34,0.7058823529411765,0.29411764705882354,1.0,0.7058823529411765,,,0.0029823544031149034,,,13.228228245962724,-0.5925170671476312
Tamil Nadu,2025,4,358,95,46,499,0.9078156312625251,0.09218436873747494,0.3134268537074148,0.9078156312625251,1367.6470588235293,,0.02361030569132632,,-0.2019332783213486,13.228228245962724,-0.5785313195877486
Tamil Nadu,2025,5,322,64,34,420,0.919047619047619,0.08095238095238096,0.2752380952380952,0.919047619047619,-15.831663326653311,248.8178718125636,0.01590589014994615,317.6666666666667,-0.011231987785093989,13.228228245962724,-0.5809073928291051
Tamil Nadu,2025,6,1355,393,183,1931,0.9052304505437597,0.09476954945624029,0.32221646815121696,0.9052304505437597,359.7619047619047,850.488683052279,0.0976721067020131,950.0,0.013817168503859334,13.228228245962724,-0.5354612324786049
Tamil Nadu,2025,7,630,273,69,972,0.9290123456790124,0.07098765432098765,0.241358024691358,0.9290123456790124,-49.66338684619368,764.5811489523746,0.06784856267086406,1107.6666666666667,-0.02378189513525264,13.228228245962724,-0.5643049570160832
Tamil Nadu,2025,9,64432,11664,111,76207,0.9985434408912567,0.0014565591087432913,0.004952300969727191,0.9985434408912567,7740.22633744856,43162.771539835114,2.898848479827686,26370.0,-0.06953109521224436,13.228228245962724,1.6985288444199707
Tamil Nadu,2025,10,32607,7205,81,39893,0.9979695685959943,0.0020304314040057152,0.006903466773619432,0.9979695685959943,-47.651790517931424,37625.02726909311,1.7906552895369068,39024.0,0.0005738722952624239,13.228228245962724,0.6063171521843242
Tamil Nadu,2025,11,48403,12123,377,60903,0.9938098287440684,0.006190171255931564,0.021046582270167317,0.9938098287440684,52.665881232296385,18231.56197367631,3.0129235357468316,59001.0,0.004159739851925848,13.228228245962724,1.2382323268792335
Tamil Nadu,2025,12,30175,4384,291,34850,0.9916499282639886,0.008350071736011478,0.028390243902439025,0.9916499282639886,-42.77785987553979,13817.927714868585,1.0895534752713114,45215.333333333336,0.0021599004800799144,13.228228245962724,0.4546394641316623
Telangana,2025,4,487,82,65,634,0.8974763406940063,0.10252365930599369,1.0,0.8974763406940063,,,0.027393828036914855,,,13.228228245962724,-0.5744709412639117
Telangana,2025,5,736,154,21,911,0.9769484083424808,0.02305159165751921,0.2248416786287258,0.9769484083424808,43.69085173501577,,0.05144694533762058,,-0.07947206764847448,13.228228245962724,-0.566139646480928
Telangana,2025,6,849,598,69,1516,0.9544854881266491,0.04551451187335093,0.443941546580069,0.9544854881266491,66.41053787047201,451.05025588434523,0.1997745020253059,1020.3333333333334,0.022462920215831718,13.228228245962724,-0.5479431362148441
Telangana,2025,7,6137,2168,276,8581,0.9678359165598415,0.03216408344015849,0.3137235215547766,0.9678359165598415,466.02902374670185,4264.370801575929,0.7242660876101391,3669.3333333333335,-0.013350428433192438,13.228228245962724,-0.3354500039340478
Telangana,2025,9,34660,8092,151,42903,0.9964804326037806,0.0035195673962193784,0.034329318910816704,0.9964804326037806,399.9766926931593,22138.946369087516,2.7033031277404267,17666.666666666668,-0.02864451604393911,13.228228245962724,0.69684855036765
Telangana,2025,10,23552,5356,133,29041,0.995420267897111,0.004579732102889019,0.04467000235740982,0.995420267897111,-32.31009486516094,17266.37545442973,1.7892846703136092,26841.666666666668,0.0010601647066696405,13.228228245962724,0.27992288870078524
Telangana,2025,11,23530,5285,289,29104,0.990070093457944,0.009929906542056074,0.09685478073328539,0.990070093457944,0.21693467855790072,7985.105029574342,1.7655656240865245,33682.666666666664,0.005350174439167055,13.228228245962724,0.2818177319185758
Telangana,2025,12,13382,2212,139,15733,0.9911650670565054,0.008834932943494566,0.08617457671039315,0.9911650670565054,-45.94213853765805,7701.62833431996,0.7389652148494592,24626.0,-0.0010949735985615085,13.228228245962724,-0.120340183400112
Tripura,2025,4,165,81,40,286,0.8601398601398601,0.13986013986013987,1.0,0.8601398601398601,,,0.1578068466462566,,,13.228228245962724,-0.584937694276469
Tripura,2025,6,60,87,20,167,0.8802395209580839,0.11976047904191617,0.8562874251497006,0.8802395209580839,-41.60839160839161,,0.16949624269412744,,-0.020099660818223702,13.228228245962724,-0.5885168425767401
Tripura,2025,7,359,264,42,665,0.9368421052631579,0.06315789473684211,0.451578947368421,0.9368421052631579,298.2035928143713,260.0660172597207,0.5143334261063178,372.6666666666667,-0.05660258430507406,13.228228245962724,-0.5735385580932529
Tripura,2025,9,2011,1071,22,3104,0.9929123711340206,0.007087628865979381,0.05067654639175257,0.9929123711340206,366.76691729323306,1571.7662039883667,2.086557194544948,1312.0,-0.05607026587086272,13.228228245962724,-0.5001810563759334
Tripura,2025,10,1162,547,42,1751,0.9760137064534552,0.023986293546544833,0.17150199885779555,0.9760137064534552,-43.5889175257732,1221.9333042355463,1.0656832730308934,1840.0,0.016898664680565452,13.228228245962724,-0.5408750702437207
Tripura,2025,11,1902,968,62,2932,0.9788540245566166,0.021145975443383355,0.15119372442019097,0.9788540245566166,67.44717304397487,736.5407886419688,1.8858892290564986,2595.6666666666665,-0.0028403181031614773,13.228228245962724,-0.5053542791292663
Tripura,2025,12,1478,575,18,2071,0.9913085465958474,0.008691453404152583,0.06214389183969096,0.9913085465958474,-29.365620736698496,610.8030233498631,1.1202337879209574,2251.3333333333335,-0.012454522039230772,13.228228245962724,-0.5312504697724038
Uttar Pradesh,2025,3,1393,3326,674,5393,0.8750231781939551,0.12497682180604487,1.0,0.8750231781939551,,,0.0632581296861396,,,13.228228245962724,-0.43133508612954374
Uttar Pradesh,2025,4,32513,23189,2201,57903,0.961988152600038,0.038011847399962,0.3041511765993992,0.961988152600038,973.6695716669758,,0.4410381146397748,,-0.08696497440608286,13.228228245962724,1.1480016974606362
Uttar Pradesh,2025,5,26928,21554,1379,49861,0.9723431138565212,0.02765688614347887,0.22129612310353344,0.9723431138565212,-13.888744970036093,28282.435326541454,0.40994158967379823,37719.0,-0.010354961256483133,13.228228245962724,0.9061234568658498
Uttar Pradesh,2025,6,21109,26080,1564,48753,0.9679199228765409,0.03208007712345907,0.2566882135412682,0.9679199228765409,-2.222177653877777,4993.728199785541,0.49602285694964543,52172.333333333336,0.004423190979980198,13.228228245962724,0.8727982777339146
Uttar Pradesh,2025,7,73166,81078,3622,157866,0.9770564909480192,0.022943509051980795,0.18358211323046356,0.9770564909480192,223.80776567595842,62679.01623616418,1.5420452912485947,85493.33333333333,-0.009136568071478272,13.228228245962724,4.154576500317714
Uttar Pradesh,2025,9,126150,132593,2335,261078,0.9910563126728411,0.008943687327158934,0.07156276818303878,0.9910563126728411,65.37949906883054,106176.16598370842,2.5218235686934176,155899.0,-0.013999821724821861,13.228228245962724,7.258871074835133
Uttar Pradesh,2025,10,65950,60924,2120,128994,0.9835651270601733,0.016434872939826657,0.13150336760309372,0.9835651270601733,-50.59177717004113,69441.21300783851,1.1587306954294554,182646.0,0.007491185612667723,13.228228245962724,3.2861969227931347
Uttar Pradesh,2025,11,98389,77584,2402,178375,0.9865339873861247,0.013466012613875263,0.1077480801582037,0.9865339873861247,38.28162550196132,66738.85977699449,1.475591922299896,189482.33333333334,-0.0029688603259513946,13.228228245962724,4.771423159899718
Uttar Pradesh,2025,12,66124,46876,1402,114402,0.9877449694935403,0.012255030506459678,0.09805842658952084,0.9877449694935403,-35.86433076384022,33525.9957694523,0.8915478313792783,140590.33333333334,-0.0012109821074155844,13.228228245962724,2.8473151413010775
Uttarakhand,2025,3,186,76,49,311,0.842443729903537,0.15755627009646303,0.8578063594140765,0.842443729903537,,,0.12643253234750462,,,13.228228245962724,-0.5841857723646474
Uttarakhand,2025,4,998,204,74,1276,0.9420062695924765,0.05799373040752351,0.3157436433298502,0.9420062695924765,310.2893890675241,,0.33937153419593347,,-0.09956253968893952,13.228228245962724,-0.5551615865683319
Uttarakhand,2025,5,477,135,12,624,0.9807692307692307,0.019230769230769232,0.1047008547008547,0.9807692307692307,-51.09717868338558,492.324080256085,0.2245841035120148,737.0,-0.038762961176754276,13.228228245962724,-0.5747717100286405
Uttarakhand,2025,6,160,80,54,294,0.8163265306122449,0.1836734693877551,1.0,0.8163265306122449,-52.88461538461539,499.72125563491227,0.13308687615526804,731.3333333333334,0.16444270015698587,13.228228245962724,-0.5846970792646862
Uttarakhand,2025,7,1863,479,21,2363,0.9911129919593736,0.008887008040626322,0.04838482155452108,0.9911129919593736,703.7414965986395,1111.589102741356,0.7968576709796673,1093.6666666666667,-0.1747864613471288,13.228228245962724,-0.5224680218423269
Uttarakhand,2025,9,9223,1704,29,10956,0.9973530485578679,0.002646951442132165,0.014411180073830675,0.9973530485578679,363.6479052052476,5653.887364754743,2.834750462107209,4537.666666666667,-0.006240056598494157,13.228228245962724,-0.2640174223109916
Uttarakhand,2025,10,5722,957,28,6707,0.9958252571939764,0.004174742806023557,0.022729155277239368,0.9958252571939764,-38.78240233661921,4296.587521898436,1.5920517560073937,6675.333333333333,0.0015277913638913924,13.228228245962724,-0.39181407044419814
Uttarakhand,2025,11,7405,1126,30,8561,0.9964957364793833,0.0035042635206167503,0.019078768056691196,0.9964957364793833,27.64276129417027,2130.2324599285735,1.8731977818853975,8741.333333333334,-0.000670479285406807,13.228228245962724,-0.3360515414635051
Uttarakhand,2025,12,5174,649,41,5864,0.9930081855388813,0.00699181446111869,0.03806654539942397,0.9930081855388813,-31.503329050344586,1379.7206238945662,1.0796672828096119,7044.0,0.0034875509405019396,13.228228245962724,-0.41716887731082397
West Bengal,2025,3,45,30,46,121,0.6198347107438017,0.38016528925619836,1.0,0.6198347107438017,,,0.0036496843698887523,,,13.228228245962724,-0.5899003788944919
West Bengal,2025,4,2747,947,342,4036,0.9152626362735382,0.08473736372646185,0.22289610893264963,0.9152626362735382,3235.537190082645,,0.11520836994282162,,-0.2954279255297365,13.228228245962724,-0.47214940750322254
West Bengal,2025,5,5044,3305,507,8856,0.9427506775067751,0.05724932249322493,0.15059060916696124,0.9427506775067751,119.42517343904856,4375.306655919484,0.40207356141607753,4337.666666666667,-0.027488041233236914,13.228228245962724,-0.32717886290400966
West Bengal,2025,6,2654,2924,643,6221,0.8966404115094037,0.10335958849059637,0.2718806566817861,0.8966404115094037,-29.753839205058718,2413.4984980314375,0.3557225699184904,6371.0,0.04611026599737144,13.228228245962724,-0.4064314324100109
West Bengal,2025,7,12273,9494,1190,22957,0.9481639587054057,0.051836041294594244,0.13635132601404137,0.9481639587054057,269.0242726249799,8998.843647936108,1.155003446924127,12678.0,-0.05152354719600213,13.228228245962724,0.09693517223987008
West Bengal,2025,9,75959,22760,837,99556,0.9915926714612882,0.008407328538711881,0.02211492941704647,0.9915926714612882,333.6629350524895,49764.31573259431,2.7688938752889336,42911.333333333336,-0.043428712755882365,13.228228245962724,2.400793833184913
West Bengal,2025,10,45229,12794,142,58165,0.9975586693028453,0.0024413306971546463,0.006421761181645918,0.9975586693028453,-41.5755956446623,38341.067942872956,1.5564687276118898,60226.0,-0.005965997841557234,13.228228245962724,1.1558818390965269
West Bengal,2025,11,49255,14330,184,63769,0.9971145854568835,0.0028854145431165615,0.007589894776458781,0.9971145854568835,9.634660018911712,22454.877220773236,1.743332567350194,73830.0,0.00044408384596191517,13.228228245962724,1.3244326548504666
West Bengal,2025,12,27805,7395,2419,37619,0.9356973869587176,0.06430261304128233,0.16914382995641658,0.9356973869587176,-41.00738603396634,13768.111901540213,0.8996471971775775,53184.333333333336,0.06141719849816577,13.228228245962724,0.5379223350850275
